concept_id,disease,candidate_cases,candidate_articles,cases_with_any_image,cases_with_eligible_image,total_linked_images,total_eligible_images,image_coverage,cases_per_article,radiology_cases,pathology_cases,endoscopy_cases,medical_photograph_cases,ophthalmic_cases,electrography_cases,is_infectious,is_tropical,tropical_status,raw_mentions,text_candidate_cases,metadata_candidate_cases,article_diversity,images_per_image_case,selection_status,selection_reason
DOID:399,tuberculosis,3335,3192,2913,1289,8198,2709,0.38650674662668666,1.0447994987468672,1031,601,105,0,0,31,True,,unknown,8024,3335,1102,0.9571214392803599,2.1016291698991467,SELECT,PASS_PRELABEL_FEASIBILITY
DOID:2957,pulmonary tuberculosis,482,466,407,204,1102,446,0.42323651452282157,1.0343347639484979,159,102,23,0,0,5,True,,unknown,742,482,119,0.966804979253112,2.1862745098039214,SELECT,PASS_PRELABEL_FEASIBILITY
DOID:13564,aspergillosis,243,237,206,86,574,188,0.35390946502057613,1.0253164556962024,76,45,7,0,0,0,True,,unknown,735,243,203,0.9753086419753086,2.186046511627907,SELECT,PASS_PRELABEL_FEASIBILITY
DOID:1496,echinococcosis,151,145,129,70,379,145,0.46357615894039733,1.0413793103448277,66,19,3,0,0,2,True,True,tropical,595,151,169,0.9602649006622517,2.0714285714285716,SELECT,PASS_PRELABEL_FEASIBILITY
DOID:10079,cysticercosis,98,94,94,44,254,104,0.4489795918367347,1.0425531914893618,41,13,3,0,0,0,True,True,tropical,350,98,94,0.9591836734693877,2.3636363636363638,SELECT,PASS_PRELABEL_FEASIBILITY
DOID:2043,hepatitis B,2394,2312,1997,810,5209,1583,0.3383458646616541,1.0354671280276817,493,495,47,0,0,32,True,,unknown,3694,2394,156,0.9657477025898078,1.954320987654321,BORDERLINE,REASSESS_AFTER_LABELING
DOID:0080600,COVID-19,3558,2861,2541,782,5871,1410,0.21978639685216414,1.2436211114994757,602,278,31,0,0,49,True,,unknown,14410,3558,3095,0.8041034288926363,1.80306905370844,BORDERLINE,REASSESS_AFTER_LABELING
DOID:1883,hepatitis C,1425,1391,1158,449,2975,907,0.31508771929824564,1.0244428468727533,278,255,30,0,0,14,True,,unknown,2006,1425,117,0.976140350877193,2.020044543429844,BORDERLINE,REASSESS_AFTER_LABELING
DOID:2945,severe acute respiratory syndrome,1869,1552,1361,447,3001,780,0.2391653290529695,1.2042525773195876,315,170,11,0,0,33,True,,unknown,6724,1869,1439,0.8303905831995719,1.74496644295302,BORDERLINE,REASSESS_AFTER_LABELING
DOID:4166,syphilis,1193,1142,1012,351,2672,641,0.2942162615255658,1.0446584938704029,230,184,19,0,0,22,True,,unknown,1904,1193,170,0.9572506286672254,1.8262108262108263,BORDERLINE,REASSESS_AFTER_LABELING
DOID:1019,osteomyelitis,804,757,676,267,2198,634,0.332089552238806,1.0620871862615588,245,77,7,0,0,4,True,,unknown,1896,804,405,0.9415422885572139,2.3745318352059925,BORDERLINE,REASSESS_AFTER_LABELING
DOID:8566,herpes simplex,951,938,777,260,1850,422,0.2733964248159832,1.0138592750533049,156,142,12,0,0,15,True,,unknown,1256,951,135,0.9863301787592008,1.623076923076923,BORDERLINE,REASSESS_AFTER_LABELING
DOID:0080784,urinary tract infection,838,830,628,248,1683,480,0.29594272076372313,1.0096385542168675,187,92,26,0,0,9,True,,unknown,1065,838,122,0.9904534606205251,1.935483870967742,BORDERLINE,REASSESS_AFTER_LABELING
DOID:8469,influenza,910,870,692,232,1601,425,0.2549450549450549,1.0459770114942528,155,98,11,0,0,16,True,,unknown,1940,910,185,0.9560439560439561,1.831896551724138,BORDERLINE,REASSESS_AFTER_LABELING
DOID:934,viral infectious disease,585,574,448,169,1085,313,0.28888888888888886,1.019163763066202,98,89,12,0,0,12,True,,unknown,985,585,281,0.9811965811965812,1.8520710059171597,BORDERLINE,REASSESS_AFTER_LABELING
DOID:8659,chickenpox,599,577,472,146,1121,245,0.24373956594323873,1.0381282495667243,104,67,2,0,0,6,True,,unknown,1054,599,135,0.9632721202003339,1.678082191780822,BORDERLINE,REASSESS_AFTER_LABELING
DOID:635,acquired immunodeficiency syndrome,545,512,402,146,1171,306,0.26788990825688075,1.064453125,114,56,7,0,0,5,True,,unknown,1253,545,346,0.9394495412844037,2.095890410958904,BORDERLINE,REASSESS_AFTER_LABELING
DOID:1884,viral hepatitis,466,457,372,138,945,268,0.296137339055794,1.0196936542669583,84,85,11,0,0,8,True,,unknown,532,466,23,0.98068669527897,1.9420289855072463,BORDERLINE,REASSESS_AFTER_LABELING
DOID:12549,hepatitis A,518,508,400,127,939,228,0.24517374517374518,1.0196850393700787,61,85,5,0,0,7,True,,unknown,626,518,32,0.9806949806949807,1.795275590551181,BORDERLINE,REASSESS_AFTER_LABELING
DOID:0050152,aspiration pneumonia,387,372,305,127,800,256,0.3281653746770026,1.0403225806451613,96,41,15,0,0,10,True,,unknown,490,387,30,0.9612403100775194,2.015748031496063,BORDERLINE,REASSESS_AFTER_LABELING
DOID:824,periodontitis,354,323,332,111,1380,294,0.3135593220338983,1.0959752321981424,103,33,4,0,0,0,True,,unknown,597,354,105,0.9124293785310734,2.6486486486486487,BORDERLINE,REASSESS_AFTER_LABELING
DOID:0060000,infective endocarditis,318,310,268,111,728,230,0.3490566037735849,1.0258064516129033,107,13,1,0,0,5,True,,unknown,737,318,247,0.9748427672955975,2.0720720720720722,BORDERLINE,REASSESS_AFTER_LABELING
DOID:11263,chlamydia,356,348,293,101,762,176,0.28370786516853935,1.0229885057471264,70,41,6,0,0,5,True,,unknown,553,356,63,0.9775280898876404,1.7425742574257426,BORDERLINE,REASSESS_AFTER_LABELING
DOID:12365,malaria,413,386,249,98,568,172,0.23728813559322035,1.0699481865284974,63,46,0,0,0,4,True,True,tropical,1222,413,142,0.9346246973365617,1.7551020408163265,BORDERLINE,REASSESS_AFTER_LABELING
DOID:9965,toxoplasmosis,385,362,321,97,767,169,0.2519480519480519,1.0635359116022098,73,46,0,0,0,1,True,,unknown,722,385,110,0.9402597402597402,1.7422680412371134,BORDERLINE,REASSESS_AFTER_LABELING
DOID:8781,rubella,325,314,249,96,584,156,0.2953846153846154,1.035031847133758,59,46,2,0,0,8,True,,unknown,418,325,18,0.9661538461538461,1.625,BORDERLINE,REASSESS_AFTER_LABELING
DOID:10457,Legionnaires' disease,307,288,255,96,673,208,0.3127035830618892,1.0659722222222223,76,41,5,0,0,0,True,,unknown,674,307,61,0.9381107491856677,2.1666666666666665,BORDERLINE,REASSESS_AFTER_LABELING
DOID:526,human immunodeficiency virus infectious disease,361,343,260,94,607,157,0.26038781163434904,1.0524781341107872,57,53,5,0,0,1,True,,unknown,525,361,77,0.9501385041551247,1.6702127659574468,BORDERLINE,REASSESS_AFTER_LABELING
DOID:1508,candidiasis,284,272,225,93,590,193,0.3274647887323944,1.0441176470588236,50,60,11,0,0,2,True,,unknown,674,284,126,0.9577464788732394,2.075268817204301,BORDERLINE,REASSESS_AFTER_LABELING
DOID:11338,tetanus,289,283,224,85,614,149,0.29411764705882354,1.0212014134275618,57,30,3,0,0,7,True,,unknown,484,289,30,0.9792387543252595,1.7529411764705882,BORDERLINE,REASSESS_AFTER_LABELING
DOID:8536,herpes zoster,304,299,242,84,571,137,0.27631578947368424,1.0167224080267558,50,42,2,0,0,4,True,,unknown,694,304,140,0.9835526315789473,1.630952380952381,BORDERLINE,REASSESS_AFTER_LABELING
DOID:8485,mucormycosis,225,190,199,76,634,160,0.3377777777777778,1.1842105263157894,62,44,14,0,0,1,True,,unknown,965,225,271,0.8444444444444444,2.1052631578947367,BORDERLINE,REASSESS_AFTER_LABELING
DOID:1273,respiratory syncytial virus infectious disease,234,232,191,73,492,135,0.31196581196581197,1.0086206896551724,47,32,3,0,0,5,True,,unknown,296,234,30,0.9914529914529915,1.8493150684931507,BORDERLINE,REASSESS_AFTER_LABELING
DOID:14262,oral candidiasis,199,194,157,56,399,112,0.2814070351758794,1.0257731958762886,32,31,4,0,0,1,True,,unknown,275,199,18,0.9748743718592965,2.0,BORDERLINE,REASSESS_AFTER_LABELING
DOID:216,dental caries,169,160,152,56,545,119,0.33136094674556216,1.05625,49,19,0,0,0,2,True,,unknown,219,169,10,0.9467455621301775,2.125,BORDERLINE,REASSESS_AFTER_LABELING
DOID:823,periapical periodontitis,162,147,158,55,538,146,0.3395061728395062,1.1020408163265305,54,5,1,0,0,0,True,,unknown,200,162,23,0.9074074074074074,2.6545454545454548,BORDERLINE,REASSESS_AFTER_LABELING
DOID:11339,pneumocystosis,160,160,139,55,348,90,0.34375,1.0,36,32,1,0,0,1,True,,unknown,256,160,55,1.0,1.6363636363636365,BORDERLINE,REASSESS_AFTER_LABELING
DOID:874,bacterial pneumonia,189,183,152,52,379,95,0.2751322751322751,1.0327868852459017,46,17,2,0,0,0,True,,unknown,217,189,3,0.9682539682539683,1.8269230769230769,BORDERLINE,REASSESS_AFTER_LABELING
DOID:9470,bacterial meningitis,142,137,119,47,288,77,0.33098591549295775,1.0364963503649636,37,14,1,0,0,4,True,,unknown,198,142,18,0.9647887323943662,1.6382978723404256,BORDERLINE,REASSESS_AFTER_LABELING
DOID:8622,measles,185,174,127,43,297,69,0.23243243243243245,1.0632183908045978,28,19,0,0,0,6,True,,unknown,347,185,28,0.9405405405405406,1.6046511627906976,BORDERLINE,REASSESS_AFTER_LABELING
DOID:11077,brucellosis,193,185,135,42,332,82,0.21761658031088082,1.0432432432432432,26,22,3,0,0,1,True,,unknown,645,193,131,0.9585492227979274,1.9523809523809523,BORDERLINE,REASSESS_AFTER_LABELING
DOID:1564,fungal infectious disease,139,137,117,41,309,77,0.2949640287769784,1.0145985401459854,24,32,3,0,0,0,True,,unknown,489,139,190,0.9856115107913669,1.8780487804878048,BORDERLINE,REASSESS_AFTER_LABELING
DOID:2938,Epstein-Barr virus infectious disease,140,137,114,40,283,56,0.2857142857142857,1.0218978102189782,20,27,0,0,0,1,True,,unknown,240,140,54,0.9785714285714285,1.4,BORDERLINE,REASSESS_AFTER_LABELING
DOID:10533,viral pneumonia,94,91,80,38,203,82,0.40425531914893614,1.032967032967033,32,13,3,0,0,2,True,,unknown,117,94,11,0.9680851063829787,2.1578947368421053,BORDERLINE,REASSESS_AFTER_LABELING
DOID:1731,histoplasmosis,138,132,123,37,324,84,0.26811594202898553,1.0454545454545454,27,27,3,0,0,0,True,,unknown,416,138,91,0.9565217391304348,2.27027027027027,BORDERLINE,REASSESS_AFTER_LABELING
DOID:1024,leprosy,109,105,95,37,284,64,0.3394495412844037,1.0380952380952382,12,31,1,0,0,2,True,True,tropical,438,109,78,0.963302752293578,1.7297297297297298,BORDERLINE,REASSESS_AFTER_LABELING
DOID:9861,miliary tuberculosis,85,84,69,36,197,83,0.4235294117647059,1.0119047619047619,32,18,1,0,0,0,True,,unknown,199,85,70,0.9882352941176471,2.3055555555555554,BORDERLINE,REASSESS_AFTER_LABELING
DOID:2297,leptospirosis,130,120,95,34,195,61,0.26153846153846155,1.0833333333333333,22,15,1,0,0,1,True,,unknown,328,130,56,0.9230769230769231,1.7941176470588236,BORDERLINE,REASSESS_AFTER_LABELING
DOID:9065,leishmaniasis,125,117,109,34,280,64,0.272,1.0683760683760684,10,30,2,0,0,0,True,True,tropical,537,125,135,0.936,1.8823529411764706,BORDERLINE,REASSESS_AFTER_LABELING
DOID:10264,mumps,112,110,86,33,212,62,0.29464285714285715,1.018181818181818,23,15,0,0,0,2,True,,unknown,155,112,10,0.9821428571428571,1.878787878787879,BORDERLINE,REASSESS_AFTER_LABELING
DOID:8478,actinomycosis,75,73,68,32,215,74,0.4266666666666667,1.0273972602739727,23,20,6,0,0,0,True,,unknown,295,75,95,0.9733333333333334,2.3125,BORDERLINE,REASSESS_AFTER_LABELING
DOID:11729,Lyme disease,197,193,129,31,293,58,0.15736040609137056,1.0207253886010363,18,13,1,0,0,7,True,,unknown,441,197,78,0.9796954314720813,1.8709677419354838,BORDERLINE,REASSESS_AFTER_LABELING
DOID:646,viral encephalitis,109,105,84,31,172,45,0.28440366972477066,1.0380952380952382,25,9,0,0,0,6,True,,unknown,147,109,16,0.963302752293578,1.4516129032258065,BORDERLINE,REASSESS_AFTER_LABELING
DOID:0081013,severe COVID-19,125,113,86,30,185,42,0.24,1.1061946902654867,24,10,2,0,0,2,True,,unknown,259,125,101,0.904,1.4,BORDERLINE,REASSESS_AFTER_LABELING
DOID:1395,schistosomiasis,66,63,54,28,153,59,0.42424242424242425,1.0476190476190477,18,21,6,0,0,0,True,True,tropical,191,66,49,0.9545454545454546,2.107142857142857,BORDERLINE,REASSESS_AFTER_LABELING
DOID:8632,Kaposi's sarcoma,108,103,98,27,256,57,0.25,1.0485436893203883,15,18,2,0,0,0,True,,unknown,301,108,91,0.9537037037037037,2.111111111111111,BORDERLINE,REASSESS_AFTER_LABELING
DOID:12053,cryptococcosis,107,102,91,26,230,53,0.24299065420560748,1.0490196078431373,18,19,0,0,0,0,True,,unknown,312,107,83,0.9532710280373832,2.0384615384615383,BORDERLINE,REASSESS_AFTER_LABELING
DOID:10459,common cold,72,69,51,25,123,52,0.3472222222222222,1.0434782608695652,17,13,3,0,0,0,True,,unknown,78,72,1,0.9583333333333334,2.08,BORDERLINE,REASSESS_AFTER_LABELING
DOID:8568,infectious mononucleosis,91,89,73,23,155,37,0.25274725274725274,1.0224719101123596,11,14,0,0,0,0,True,,unknown,236,91,23,0.978021978021978,1.608695652173913,EXCLUDE,LOW_IMAGE_CASES
DOID:11405,diphtheria,100,98,71,22,146,33,0.22,1.0204081632653061,10,14,1,0,0,3,True,,unknown,155,100,13,0.98,1.5,EXCLUDE,LOW_IMAGE_CASES
DOID:0050073,invasive aspergillosis,46,46,42,21,115,45,0.45652173913043476,1.0,20,11,2,0,0,0,True,,unknown,98,46,35,1.0,2.142857142857143,EXCLUDE,LOW_IMAGE_CASES
DOID:1586,rheumatic fever,80,78,48,20,106,36,0.25,1.0256410256410255,17,3,1,0,0,2,True,,unknown,170,80,19,0.975,1.8,EXCLUDE,LOW_IMAGE_CASES
DOID:1003,pelvic inflammatory disease,61,59,47,20,127,44,0.32786885245901637,1.0338983050847457,15,5,2,0,0,0,True,,unknown,96,61,21,0.9672131147540983,2.2,EXCLUDE,LOW_IMAGE_CASES
DOID:2312,nocardiosis,49,47,43,20,124,41,0.40816326530612246,1.0425531914893618,15,11,1,0,0,0,True,,unknown,160,49,65,0.9591836734693877,2.05,EXCLUDE,LOW_IMAGE_CASES
DOID:12205,dengue disease,89,81,56,19,115,28,0.21348314606741572,1.0987654320987654,7,12,0,0,0,1,True,,unknown,197,89,57,0.9101123595505618,1.4736842105263157,EXCLUDE,LOW_IMAGE_CASES
DOID:1116,pertussis,87,83,64,19,148,32,0.21839080459770116,1.0481927710843373,11,11,1,0,0,0,True,,unknown,239,87,20,0.9540229885057471,1.6842105263157894,EXCLUDE,LOW_IMAGE_CASES
DOID:13272,Klebsiella pneumonia,61,61,52,19,140,41,0.3114754098360656,1.0,13,8,5,0,0,2,True,,unknown,69,61,5,1.0,2.1578947368421053,EXCLUDE,LOW_IMAGE_CASES
DOID:11269,chronic apical periodontitis,42,36,41,19,138,45,0.4523809523809524,1.1666666666666667,19,2,0,0,0,0,True,,unknown,45,42,1,0.8571428571428571,2.3684210526315788,EXCLUDE,LOW_IMAGE_CASES
DOID:1495,cystic echinococcosis,39,39,35,19,97,35,0.48717948717948717,1.0,17,8,0,0,0,0,True,,unknown,89,39,37,1.0,1.8421052631578947,EXCLUDE,LOW_CANDIDATE_CASES;LOW_IMAGE_CASES
DOID:0080711,multisystem inflammatory syndrome in children,109,85,66,18,139,27,0.1651376146788991,1.2823529411764707,9,11,1,0,0,1,True,,unknown,379,109,98,0.7798165137614679,1.5,EXCLUDE,LOW_IMAGE_CASES
DOID:4411,hepatitis E,72,70,55,18,107,26,0.25,1.0285714285714285,7,13,0,0,0,1,True,,unknown,144,72,26,0.9722222222222222,1.4444444444444444,EXCLUDE,LOW_IMAGE_CASES
DOID:11100,Q fever,70,67,52,18,126,29,0.2571428571428571,1.044776119402985,12,9,0,0,0,0,True,,unknown,214,70,37,0.9571428571428572,1.6111111111111112,EXCLUDE,LOW_IMAGE_CASES
DOID:11256,typhus,69,63,53,18,107,28,0.2608695652173913,1.0952380952380953,11,7,0,0,0,1,True,,unknown,268,69,45,0.9130434782608695,1.5555555555555556,EXCLUDE,LOW_IMAGE_CASES
DOID:11260,rabies,59,52,47,18,118,23,0.3050847457627119,1.1346153846153846,13,4,1,0,0,1,True,True,tropical,164,59,16,0.8813559322033898,1.2777777777777777,EXCLUDE,LOW_IMAGE_CASES
DOID:1398,parasitic infectious disease,78,68,40,17,72,27,0.21794871794871795,1.1470588235294117,5,12,0,0,0,1,True,,unknown,169,78,17,0.8717948717948718,1.588235294117647,EXCLUDE,LOW_IMAGE_CASES
DOID:13371,scrub typhus,62,59,46,17,105,32,0.27419354838709675,1.0508474576271187,11,8,0,0,0,1,True,,unknown,255,62,35,0.9516129032258065,1.8823529411764706,EXCLUDE,LOW_IMAGE_CASES
DOID:2562,suppurative periapical periodontitis,60,56,59,17,193,39,0.2833333333333333,1.0714285714285714,17,3,0,0,0,0,True,,unknown,73,60,7,0.9333333333333333,2.2941176470588234,EXCLUDE,LOW_IMAGE_CASES
DOID:4157,secondary syphilis,64,62,54,16,138,23,0.25,1.032258064516129,3,16,0,0,0,0,True,,unknown,151,64,44,0.96875,1.4375,EXCLUDE,LOW_IMAGE_CASES
DOID:2755,Mycobacterium avium complex disease,52,52,43,16,120,30,0.3076923076923077,1.0,13,9,1,0,0,0,True,,unknown,113,52,28,1.0,1.875,EXCLUDE,LOW_IMAGE_CASES
DOID:106,pleural tuberculosis,40,38,31,16,83,42,0.4,1.0526315789473684,13,9,2,0,0,1,True,,unknown,58,40,9,0.95,2.625,EXCLUDE,LOW_IMAGE_CASES
DOID:13258,typhoid fever,80,75,57,15,125,25,0.1875,1.0666666666666667,11,7,0,0,0,0,True,,unknown,204,80,17,0.9375,1.6666666666666667,EXCLUDE,LOW_IMAGE_CASES
DOID:7551,gonorrhea,83,81,54,14,147,26,0.1686746987951807,1.0246913580246915,8,8,1,0,0,2,True,,unknown,121,83,7,0.9759036144578314,1.8571428571428572,EXCLUDE,LOW_IMAGE_CASES
DOID:13450,coccidioidomycosis,73,72,60,14,216,27,0.1917808219178082,1.0138888888888888,11,6,0,0,0,0,True,,unknown,241,73,46,0.9863013698630136,1.9285714285714286,EXCLUDE,LOW_IMAGE_CASES
DOID:13146,esophageal candidiasis,55,55,43,14,111,28,0.2545454545454545,1.0,8,9,4,0,0,0,True,,unknown,70,55,7,1.0,2.0,EXCLUDE,LOW_IMAGE_CASES
DOID:10310,viral meningitis,43,42,34,14,89,28,0.32558139534883723,1.0238095238095237,10,4,0,0,0,2,True,,unknown,47,43,3,0.9767441860465116,2.0,EXCLUDE,LOW_IMAGE_CASES
DOID:0060645,chronic recurrent multifocal osteomyelitis,34,30,26,14,79,25,0.4117647058823529,1.1333333333333333,13,5,0,0,0,0,True,,unknown,164,34,36,0.8823529411764706,1.7857142857142858,EXCLUDE,LOW_CANDIDATE_CASES;LOW_IMAGE_CASES
DOID:1080,filariasis,31,31,25,13,72,22,0.41935483870967744,1.0,5,9,1,0,0,0,True,,unknown,82,31,22,1.0,1.6923076923076923,EXCLUDE,LOW_CANDIDATE_CASES;LOW_IMAGE_CASES
DOID:13276,Mycoplasma pneumoniae pneumonia,54,51,42,12,89,22,0.2222222222222222,1.0588235294117647,9,2,1,0,0,2,True,,unknown,89,54,16,0.9444444444444444,1.8333333333333333,EXCLUDE,LOW_IMAGE_CASES
DOID:4953,poliomyelitis,35,34,28,12,81,20,0.34285714285714286,1.0294117647058822,8,4,0,0,0,0,True,,unknown,99,35,19,0.9714285714285714,1.6666666666666667,EXCLUDE,LOW_CANDIDATE_CASES;LOW_IMAGE_CASES
DOID:5052,melioidosis,28,28,24,12,72,25,0.42857142857142855,1.0,11,7,0,0,0,0,True,,unknown,139,28,40,1.0,2.0833333333333335,EXCLUDE,LOW_CANDIDATE_CASES;LOW_IMAGE_CASES
DOID:0060859,salmonellosis,27,27,19,12,45,20,0.4444444444444444,1.0,8,6,0,0,0,1,True,,unknown,56,27,21,1.0,1.6666666666666667,EXCLUDE,LOW_CANDIDATE_CASES;LOW_IMAGE_CASES
DOID:10887,lepromatous leprosy,24,23,23,12,72,23,0.5,1.0434782608695652,2,10,0,0,0,1,True,,unknown,44,24,12,0.9583333333333334,1.9166666666666667,EXCLUDE,LOW_CANDIDATE_CASES;LOW_IMAGE_CASES
DOID:14115,toxic shock syndrome,45,44,34,11,85,19,0.24444444444444444,1.0227272727272727,8,3,0,0,0,3,True,,unknown,212,45,44,0.9777777777777777,1.7272727272727273,EXCLUDE,LOW_IMAGE_CASES
DOID:11080,myiasis,38,36,34,11,95,24,0.2894736842105263,1.0555555555555556,6,7,5,0,0,0,True,,unknown,160,38,67,0.9473684210526315,2.1818181818181817,EXCLUDE,LOW_CANDIDATE_CASES;LOW_IMAGE_CASES
DOID:10844,Japanese encephalitis,34,34,27,11,62,17,0.3235294117647059,1.0,7,4,0,0,0,2,True,,unknown,54,34,10,1.0,1.5454545454545454,EXCLUDE,LOW_CANDIDATE_CASES;LOW_IMAGE_CASES
DOID:649,prion disease,32,32,28,11,65,15,0.34375,1.0,7,5,0,0,0,3,True,,unknown,78,32,19,1.0,1.3636363636363635,EXCLUDE,LOW_CANDIDATE_CASES;LOW_IMAGE_CASES
DOID:13282,intestinal tuberculosis,25,25,24,11,69,21,0.44,1.0,8,6,5,0,0,0,True,,unknown,49,25,16,1.0,1.9090909090909092,EXCLUDE,LOW_CANDIDATE_CASES;LOW_IMAGE_CASES
DOID:9181,amebiasis,21,21,18,11,42,19,0.5238095238095238,1.0,8,5,2,0,0,0,True,,unknown,63,21,13,1.0,1.7272727272727273,EXCLUDE,LOW_CANDIDATE_CASES;LOW_IMAGE_CASES
DOID:0050012,chikungunya,53,50,31,10,55,11,0.18867924528301888,1.06,8,2,0,0,0,0,True,True,tropical,184,53,22,0.9433962264150944,1.1,EXCLUDE,LOW_IMAGE_CASES
DOID:8295,scabies,48,41,36,10,86,12,0.20833333333333334,1.170731707317073,2,8,0,0,0,0,True,True,tropical,153,48,25,0.8541666666666666,1.2,EXCLUDE,LOW_IMAGE_CASES
DOID:12663,blastomycosis,42,36,39,9,117,23,0.21428571428571427,1.1666666666666667,7,7,0,0,0,0,True,,unknown,127,42,26,0.8571428571428571,2.5555555555555554,EXCLUDE,LOW_IMAGE_CASES
DOID:0040084,Streptococcus pneumonia,39,35,29,9,70,20,0.23076923076923078,1.1142857142857143,8,1,0,0,0,0,True,,unknown,48,39,4,0.8974358974358975,2.2222222222222223,EXCLUDE,LOW_CANDIDATE_CASES;LOW_IMAGE_CASES
DOID:11168,anogenital venereal wart,38,37,34,9,87,11,0.23684210526315788,1.027027027027027,1,8,1,0,0,0,True,,unknown,110,38,34,0.9736842105263158,1.2222222222222223,EXCLUDE,LOW_CANDIDATE_CASES;LOW_IMAGE_CASES
DOID:9111,cutaneous leishmaniasis,33,33,30,9,76,17,0.2727272727272727,1.0,3,8,1,0,0,0,True,,unknown,96,33,37,1.0,1.8888888888888888,EXCLUDE,LOW_CANDIDATE_CASES;LOW_IMAGE_CASES
DOID:12179,tinea corporis,23,23,20,9,52,12,0.391304347826087,1.0,5,6,1,0,0,0,True,,unknown,35,23,7,1.0,1.3333333333333333,EXCLUDE,LOW_CANDIDATE_CASES;LOW_IMAGE_CASES
DOID:1474,aggressive periodontitis,21,18,20,9,108,23,0.42857142857142855,1.1666666666666667,8,6,0,0,0,0,True,,unknown,55,21,18,0.8571428571428571,2.5555555555555554,EXCLUDE,LOW_CANDIDATE_CASES;LOW_ARTICLE_DIVERSITY;LOW_IMAGE_CASES
DOID:0080159,Cryptococcal meningitis,40,40,32,8,64,11,0.2,1.0,7,1,0,0,0,0,True,,unknown,116,40,44,1.0,1.375,EXCLUDE,LOW_IMAGE_CASES
DOID:12140,Chagas disease,35,31,23,8,46,11,0.22857142857142856,1.1290322580645162,6,2,0,0,0,3,True,True,tropical,112,35,22,0.8857142857142857,1.375,EXCLUDE,LOW_CANDIDATE_CASES;LOW_IMAGE_CASES
DOID:13166,allergic bronchopulmonary aspergillosis,30,30,22,8,53,14,0.26666666666666666,1.0,6,7,0,0,0,0,True,,unknown,62,30,19,1.0,1.75,EXCLUDE,LOW_CANDIDATE_CASES;LOW_IMAGE_CASES
DOID:8867,molluscum contagiosum,28,27,24,8,64,13,0.2857142857142857,1.037037037037037,3,6,0,0,0,1,True,,unknown,78,28,19,0.9642857142857143,1.625,EXCLUDE,LOW_CANDIDATE_CASES;LOW_IMAGE_CASES
DOID:4889,lymph node tuberculosis,22,21,16,8,55,22,0.36363636363636365,1.0476190476190477,6,4,2,0,0,0,True,,unknown,34,22,9,0.9545454545454546,2.75,EXCLUDE,LOW_CANDIDATE_CASES;LOW_IMAGE_CASES
DOID:8913,dermatophytosis,21,21,20,8,58,11,0.38095238095238093,1.0,3,6,0,0,0,0,True,,unknown,33,21,8,1.0,1.375,EXCLUDE,LOW_CANDIDATE_CASES;LOW_IMAGE_CASES
DOID:0050278,basidiobolomycosis,15,11,12,8,47,21,0.5333333333333333,1.3636363636363635,6,5,0,0,0,0,True,,unknown,47,15,15,0.7333333333333333,2.625,EXCLUDE,LOW_CANDIDATE_CASES;LOW_ARTICLE_DIVERSITY;LOW_IMAGE_CASES
DOID:1498,cholera,42,38,22,7,57,14,0.16666666666666666,1.105263157894737,2,4,2,0,0,1,True,,unknown,211,42,34,0.9047619047619048,2.0,EXCLUDE,LOW_IMAGE_CASES
DOID:9146,visceral leishmaniasis,38,33,30,7,65,12,0.18421052631578946,1.1515151515151516,1,6,0,0,0,0,True,,unknown,160,38,65,0.868421052631579,1.7142857142857142,EXCLUDE,LOW_CANDIDATE_CASES;LOW_IMAGE_CASES
DOID:14484,sporotrichosis,32,29,28,7,74,11,0.21875,1.103448275862069,3,5,0,0,0,0,True,,unknown,142,32,36,0.90625,1.5714285714285714,EXCLUDE,LOW_CANDIDATE_CASES;LOW_IMAGE_CASES
DOID:11337,Lemierre's syndrome,30,30,26,7,70,16,0.23333333333333334,1.0,5,2,0,0,0,0,True,,unknown,107,30,50,1.0,2.2857142857142856,EXCLUDE,LOW_CANDIDATE_CASES;LOW_IMAGE_CASES
DOID:9643,babesiosis,25,23,12,7,30,17,0.28,1.0869565217391304,3,5,0,0,0,0,True,,unknown,79,25,20,0.92,2.4285714285714284,EXCLUDE,LOW_CANDIDATE_CASES;LOW_IMAGE_CASES
DOID:12662,paracoccidioidomycosis,24,24,23,7,62,14,0.2916666666666667,1.0,4,4,0,0,0,0,True,,unknown,105,24,31,1.0,2.0,EXCLUDE,LOW_CANDIDATE_CASES;LOW_IMAGE_CASES
DOID:9801,tuberculous peritonitis,14,14,13,7,43,13,0.5,1.0,6,4,1,0,0,0,True,,unknown,31,14,13,1.0,1.8571428571428572,EXCLUDE,LOW_CANDIDATE_CASES;LOW_ARTICLE_DIVERSITY;LOW_IMAGE_CASES
DOID:4617,periapical granuloma,14,13,13,7,58,14,0.5,1.0769230769230769,6,1,0,0,0,0,True,,unknown,19,14,3,0.9285714285714286,2.0,EXCLUDE,LOW_CANDIDATE_CASES;LOW_ARTICLE_DIVERSITY;LOW_IMAGE_CASES
DOID:0050598,extrapulmonary tuberculosis,13,13,10,7,41,15,0.5384615384615384,1.0,6,4,1,0,0,0,True,,unknown,73,13,56,1.0,2.142857142857143,EXCLUDE,LOW_CANDIDATE_CASES;LOW_ARTICLE_DIVERSITY;LOW_IMAGE_CASES
DOID:11104,spotted fever,40,38,27,6,51,12,0.15,1.0526315789473684,4,4,0,0,0,0,True,,unknown,89,40,19,0.95,2.0,EXCLUDE,LOW_IMAGE_CASES
DOID:643,progressive multifocal leukoencephalopathy,29,29,25,6,46,6,0.20689655172413793,1.0,4,2,0,0,0,0,True,,unknown,119,29,54,1.0,1.0,EXCLUDE,LOW_CANDIDATE_CASES;LOW_IMAGE_CASES
DOID:9159,gas gangrene,26,25,19,6,56,10,0.23076923076923078,1.04,5,2,0,0,0,0,True,,unknown,61,26,17,0.9615384615384616,1.6666666666666667,EXCLUDE,LOW_CANDIDATE_CASES;LOW_IMAGE_CASES
DOID:14067,Plasmodium falciparum malaria,22,22,10,6,18,8,0.2727272727272727,1.0,4,2,0,0,0,1,True,,unknown,83,22,24,1.0,1.3333333333333333,EXCLUDE,LOW_CANDIDATE_CASES;LOW_IMAGE_CASES
DOID:11949,Creutzfeldt-Jakob disease,20,20,17,6,35,8,0.3,1.0,3,2,0,0,0,3,True,,unknown,117,20,62,1.0,1.3333333333333333,EXCLUDE,LOW_CANDIDATE_CASES;LOW_IMAGE_CASES
DOID:0040085,bacterial sepsis,19,19,15,6,41,11,0.3157894736842105,1.0,5,2,0,0,0,0,True,,unknown,20,19,1,1.0,1.8333333333333333,EXCLUDE,LOW_CANDIDATE_CASES;LOW_ARTICLE_DIVERSITY;LOW_IMAGE_CASES
DOID:8200,tertiary syphilis,17,17,11,6,41,17,0.35294117647058826,1.0,5,3,2,0,0,0,True,,unknown,32,17,10,1.0,2.8333333333333335,EXCLUDE,LOW_CANDIDATE_CASES;LOW_ARTICLE_DIVERSITY;LOW_IMAGE_CASES
DOID:0050599,abdominal tuberculosis,16,16,12,6,33,8,0.375,1.0,5,1,0,0,0,0,True,,unknown,42,16,19,1.0,1.3333333333333333,EXCLUDE,LOW_CANDIDATE_CASES;LOW_ARTICLE_DIVERSITY;LOW_IMAGE_CASES
DOID:2123,tularemia,16,15,10,6,20,11,0.375,1.0666666666666667,5,3,1,0,0,0,True,,unknown,44,16,13,0.9375,1.8333333333333333,EXCLUDE,LOW_CANDIDATE_CASES;LOW_ARTICLE_DIVERSITY;LOW_IMAGE_CASES
DOID:11573,listeriosis,16,14,10,6,23,12,0.375,1.1428571428571428,3,5,0,0,0,0,True,,unknown,58,16,17,0.875,2.0,EXCLUDE,LOW_CANDIDATE_CASES;LOW_ARTICLE_DIVERSITY;LOW_IMAGE_CASES
DOID:4337,tinea capitis,13,13,12,6,29,8,0.46153846153846156,1.0,2,6,0,0,0,0,True,,unknown,20,13,3,1.0,1.3333333333333333,EXCLUDE,LOW_CANDIDATE_CASES;LOW_ARTICLE_DIVERSITY;LOW_IMAGE_CASES
DOID:1394,urinary schistosomiasis,10,10,10,6,29,15,0.6,1.0,5,4,1,0,0,0,True,,unknown,27,10,10,1.0,2.5,EXCLUDE,LOW_CANDIDATE_CASES;LOW_ARTICLE_DIVERSITY;LOW_IMAGE_CASES
DOID:10955,strongyloidiasis,24,22,19,5,50,9,0.20833333333333334,1.0909090909090908,3,4,0,0,0,0,True,,unknown,72,24,19,0.9166666666666666,1.8,EXCLUDE,LOW_CANDIDATE_CASES;LOW_IMAGE_CASES
DOID:9531,latent syphilis,21,20,19,5,46,9,0.23809523809523808,1.05,2,4,1,0,0,0,True,,unknown,26,21,2,0.9523809523809523,1.8,EXCLUDE,LOW_CANDIDATE_CASES;LOW_IMAGE_CASES
DOID:9856,congenital syphilis,20,20,14,5,33,8,0.25,1.0,4,3,0,0,0,0,True,,unknown,64,20,25,1.0,1.6,EXCLUDE,LOW_CANDIDATE_CASES;LOW_IMAGE_CASES
DOID:0050523,adult T-cell leukemia/lymphoma,19,18,18,5,43,6,0.2631578947368421,1.0555555555555556,1,3,1,0,0,0,True,,unknown,77,19,18,0.9473684210526315,1.2,EXCLUDE,LOW_CANDIDATE_CASES;LOW_ARTICLE_DIVERSITY;LOW_IMAGE_CASES
DOID:9700,bacterial conjunctivitis,18,18,16,5,39,6,0.2777777777777778,1.0,3,2,0,0,0,0,True,,unknown,26,18,2,1.0,1.2,EXCLUDE,LOW_CANDIDATE_CASES;LOW_ARTICLE_DIVERSITY;LOW_IMAGE_CASES
DOID:12155,lymphocytic choriomeningitis,17,17,13,5,24,12,0.29411764705882354,1.0,3,4,0,0,0,0,True,,unknown,29,17,4,1.0,2.4,EXCLUDE,LOW_CANDIDATE_CASES;LOW_ARTICLE_DIVERSITY;LOW_IMAGE_CASES
DOID:13760,Pthirus pubis infestation,15,14,12,5,31,14,0.3333333333333333,1.0714285714285714,5,5,0,0,0,0,True,,unknown,31,15,6,0.9333333333333333,2.8,EXCLUDE,LOW_CANDIDATE_CASES;LOW_ARTICLE_DIVERSITY;LOW_IMAGE_CASES
DOID:2409,rhinosporidiosis,11,11,11,5,32,8,0.45454545454545453,1.0,3,4,1,0,0,0,True,,unknown,32,11,10,1.0,1.6,EXCLUDE,LOW_CANDIDATE_CASES;LOW_ARTICLE_DIVERSITY;LOW_IMAGE_CASES
DOID:9733,renal tuberculosis,11,11,10,5,24,9,0.45454545454545453,1.0,5,2,1,0,0,1,True,,unknown,17,11,3,1.0,1.8,EXCLUDE,LOW_CANDIDATE_CASES;LOW_ARTICLE_DIVERSITY;LOW_IMAGE_CASES
DOID:885,fascioliasis,10,9,9,5,23,10,0.5,1.1111111111111112,5,3,0,0,0,1,True,,unknown,29,10,14,0.9,2.0,EXCLUDE,LOW_CANDIDATE_CASES;LOW_ARTICLE_DIVERSITY;LOW_IMAGE_CASES
DOID:13078,eumycotic mycetoma,9,9,8,5,34,14,0.5555555555555556,1.0,4,4,1,0,0,0,True,,unknown,40,9,10,1.0,2.8,EXCLUDE,LOW_CANDIDATE_CASES;LOW_ARTICLE_DIVERSITY;LOW_IMAGE_CASES
DOID:4962,pericardial tuberculosis,9,9,6,5,27,15,0.5555555555555556,1.0,5,3,0,0,0,2,True,,unknown,21,9,8,1.0,3.0,EXCLUDE,LOW_CANDIDATE_CASES;LOW_ARTICLE_DIVERSITY;LOW_IMAGE_CASES
DOID:9063,Ritter's disease,9,9,8,5,25,5,0.5555555555555556,1.0,1,3,0,0,0,1,True,,unknown,24,9,2,1.0,1.0,EXCLUDE,LOW_CANDIDATE_CASES;LOW_ARTICLE_DIVERSITY;LOW_IMAGE_CASES
DOID:1025,tuberculoid leprosy,7,7,5,5,19,10,0.7142857142857143,1.0,3,5,0,0,0,0,True,,unknown,10,7,2,1.0,2.0,EXCLUDE,LOW_CANDIDATE_CASES;LOW_ARTICLE_DIVERSITY;LOW_IMAGE_CASES
DOID:11976,botulism,30,24,14,4,31,5,0.13333333333333333,1.25,2,3,0,0,0,0,True,,unknown,118,30,21,0.8,1.25,EXCLUDE,LOW_CANDIDATE_CASES;LOW_IMAGE_CASES
DOID:0080642,Middle East respiratory syndrome,27,27,19,4,45,5,0.14814814814814814,1.0,2,2,0,0,0,0,True,,unknown,75,27,6,1.0,1.25,EXCLUDE,LOW_CANDIDATE_CASES;LOW_IMAGE_CASES
DOID:9682,yellow fever,25,24,12,4,25,4,0.16,1.0416666666666667,1,3,0,0,0,0,True,,unknown,62,25,9,0.96,1.0,EXCLUDE,LOW_CANDIDATE_CASES;LOW_IMAGE_CASES
DOID:0050175,tick-borne encephalitis,24,22,21,4,31,4,0.16666666666666666,1.0909090909090908,1,4,0,0,0,0,True,,unknown,32,24,5,0.9166666666666666,1.0,EXCLUDE,LOW_CANDIDATE_CASES;LOW_IMAGE_CASES
DOID:9790,toxocariasis,22,20,20,4,66,7,0.18181818181818182,1.1,2,4,0,0,0,0,True,,unknown,62,22,19,0.9090909090909091,1.75,EXCLUDE,LOW_CANDIDATE_CASES;LOW_IMAGE_CASES
DOID:14049,phaeohyphomycosis,17,16,17,4,52,5,0.23529411764705882,1.0625,3,3,1,0,0,0,True,,unknown,58,17,19,0.9411764705882353,1.25,EXCLUDE,LOW_CANDIDATE_CASES;LOW_ARTICLE_DIVERSITY;LOW_IMAGE_CASES
DOID:11258,cat-scratch disease,14,14,11,4,25,7,0.2857142857142857,1.0,2,3,0,0,0,0,True,,unknown,44,14,14,1.0,1.75,EXCLUDE,LOW_CANDIDATE_CASES;LOW_ARTICLE_DIVERSITY;LOW_IMAGE_CASES
DOID:2058,chronic mucocutaneous candidiasis,12,12,10,4,25,7,0.3333333333333333,1.0,1,4,0,0,0,0,True,,unknown,41,12,17,1.0,1.75,EXCLUDE,LOW_CANDIDATE_CASES;LOW_ARTICLE_DIVERSITY;LOW_IMAGE_CASES
DOID:4562,subacute bacterial endocarditis,12,12,10,4,25,7,0.3333333333333333,1.0,2,3,0,0,0,1,True,,unknown,16,12,3,1.0,1.75,EXCLUDE,LOW_CANDIDATE_CASES;LOW_ARTICLE_DIVERSITY;LOW_IMAGE_CASES
DOID:14374,norwegian scabies,11,10,10,4,31,5,0.36363636363636365,1.1,2,2,0,0,0,0,True,,unknown,36,11,11,0.9090909090909091,1.25,EXCLUDE,LOW_CANDIDATE_CASES;LOW_ARTICLE_DIVERSITY;LOW_IMAGE_CASES
DOID:9113,granuloma inguinale,10,10,10,4,25,4,0.4,1.0,0,4,0,0,0,0,True,,unknown,17,10,3,1.0,1.0,EXCLUDE,LOW_CANDIDATE_CASES;LOW_ARTICLE_DIVERSITY;LOW_IMAGE_CASES
DOID:401,multidrug-resistant tuberculosis,9,9,7,4,36,15,0.4444444444444444,1.0,4,1,0,0,0,0,True,,unknown,24,9,13,1.0,3.75,EXCLUDE,LOW_CANDIDATE_CASES;LOW_ARTICLE_DIVERSITY;LOW_IMAGE_CASES
DOID:7033,anisakiasis,8,8,7,4,19,8,0.5,1.0,4,0,3,0,0,0,True,,unknown,23,8,6,1.0,2.0,EXCLUDE,LOW_CANDIDATE_CASES;LOW_ARTICLE_DIVERSITY;LOW_IMAGE_CASES
DOID:10080,sparganosis,6,6,6,4,26,12,0.6666666666666666,1.0,3,4,0,0,0,0,True,,unknown,32,6,10,1.0,3.0,EXCLUDE,LOW_CANDIDATE_CASES;LOW_ARTICLE_DIVERSITY;LOW_IMAGE_CASES
DOID:217,enamel caries,5,4,5,4,20,11,0.8,1.25,4,0,0,0,0,0,True,,unknown,6,5,0,0.8,2.75,EXCLUDE,LOW_CANDIDATE_CASES;LOW_ARTICLE_DIVERSITY;LOW_IMAGE_CASES
DOID:3292,mpox,38,26,21,3,41,4,0.07894736842105263,1.4615384615384615,1,3,0,0,0,0,True,,unknown,265,38,57,0.6842105263157895,1.3333333333333333,EXCLUDE,LOW_CANDIDATE_CASES;LOW_IMAGE_CASES
DOID:8704,genital herpes,27,24,18,3,52,4,0.1111111111111111,1.125,1,2,0,0,0,0,True,,unknown,51,27,5,0.8888888888888888,1.3333333333333333,EXCLUDE,LOW_CANDIDATE_CASES;LOW_IMAGE_CASES
DOID:10242,ehrlichiosis,23,23,14,3,29,3,0.13043478260869565,1.0,2,1,0,0,0,0,True,,unknown,51,23,11,1.0,1.0,EXCLUDE,LOW_CANDIDATE_CASES;LOW_IMAGE_CASES
DOID:0050052,Rocky Mountain spotted fever,22,21,14,3,29,5,0.13636363636363635,1.0476190476190477,2,1,0,0,0,0,True,,unknown,32,22,4,0.9545454545454546,1.6666666666666667,EXCLUDE,LOW_CANDIDATE_CASES;LOW_IMAGE_CASES
DOID:4325,Ebola virus disease,21,21,6,3,14,7,0.14285714285714285,1.0,2,2,0,0,0,0,True,,unknown,77,21,8,1.0,2.3333333333333335,EXCLUDE,LOW_CANDIDATE_CASES;LOW_IMAGE_CASES
DOID:11102,bartonellosis,14,14,11,3,28,7,0.21428571428571427,1.0,1,3,0,0,0,0,True,,unknown,24,14,7,1.0,2.3333333333333335,EXCLUDE,LOW_CANDIDATE_CASES;LOW_ARTICLE_DIVERSITY;LOW_IMAGE_CASES
DOID:456,ascariasis,13,13,10,3,24,5,0.23076923076923078,1.0,3,0,0,0,0,0,True,,unknown,52,13,16,1.0,1.6666666666666667,EXCLUDE,LOW_CANDIDATE_CASES;LOW_ARTICLE_DIVERSITY;LOW_IMAGE_CASES
DOID:5502,lice infestation,12,12,10,3,24,3,0.25,1.0,3,2,0,0,0,0,True,,unknown,22,12,3,1.0,1.0,EXCLUDE,LOW_CANDIDATE_CASES;LOW_ARTICLE_DIVERSITY;LOW_IMAGE_CASES
DOID:11693,acute apical periodontitis,12,11,11,3,38,7,0.25,1.0909090909090908,3,0,0,0,0,0,True,,unknown,13,12,0,0.9166666666666666,2.3333333333333335,EXCLUDE,LOW_CANDIDATE_CASES;LOW_ARTICLE_DIVERSITY;LOW_IMAGE_CASES
DOID:12403,tinea pedis,11,11,10,3,29,8,0.2727272727272727,1.0,1,2,1,0,0,0,True,,unknown,18,11,1,1.0,2.6666666666666665,EXCLUDE,LOW_CANDIDATE_CASES;LOW_ARTICLE_DIVERSITY;LOW_IMAGE_CASES
DOID:4156,primary syphilis,11,11,9,3,27,6,0.2727272727272727,1.0,0,3,1,0,0,0,True,,unknown,22,11,4,1.0,2.0,EXCLUDE,LOW_CANDIDATE_CASES;LOW_ARTICLE_DIVERSITY;LOW_IMAGE_CASES
DOID:14069,cerebral malaria,11,10,7,3,10,3,0.2727272727272727,1.1,1,2,0,0,0,0,True,,unknown,23,11,8,0.9090909090909091,1.0,EXCLUDE,LOW_CANDIDATE_CASES;LOW_ARTICLE_DIVERSITY;LOW_IMAGE_CASES
DOID:13819,lymphogranuloma venereum,10,10,9,3,27,3,0.3,1.0,1,1,1,0,0,0,True,,unknown,18,10,4,1.0,1.0,EXCLUDE,LOW_CANDIDATE_CASES;LOW_ARTICLE_DIVERSITY;LOW_IMAGE_CASES
DOID:1562,chromoblastomycosis,10,10,9,3,25,6,0.3,1.0,2,3,0,0,0,0,True,True,tropical,42,10,11,1.0,2.0,EXCLUDE,LOW_CANDIDATE_CASES;LOW_ARTICLE_DIVERSITY;LOW_IMAGE_CASES
DOID:3385,bacterial vaginosis,10,10,8,3,27,9,0.3,1.0,2,2,1,0,0,0,True,,unknown,22,10,7,1.0,3.0,EXCLUDE,LOW_CANDIDATE_CASES;LOW_ARTICLE_DIVERSITY;LOW_IMAGE_CASES
DOID:8970,subacute sclerosing panencephalitis,10,10,7,3,14,4,0.3,1.0,1,1,0,0,0,2,True,,unknown,43,10,11,1.0,1.3333333333333333,EXCLUDE,LOW_CANDIDATE_CASES;LOW_ARTICLE_DIVERSITY;LOW_IMAGE_CASES
DOID:14089,root caries,9,9,8,3,45,15,0.3333333333333333,1.0,3,0,0,0,0,0,True,,unknown,19,9,2,1.0,5.0,EXCLUDE,LOW_CANDIDATE_CASES;LOW_ARTICLE_DIVERSITY;LOW_IMAGE_CASES
DOID:13336,congenital toxoplasmosis,9,8,6,3,13,3,0.3333333333333333,1.125,2,1,0,0,0,0,True,,unknown,37,9,21,0.8888888888888888,1.0,EXCLUDE,LOW_CANDIDATE_CASES;LOW_ARTICLE_DIVERSITY;LOW_IMAGE_CASES
DOID:0080161,cutaneous candidiasis,8,7,6,3,16,7,0.375,1.1428571428571428,2,3,0,0,0,0,True,,unknown,21,8,6,0.875,2.3333333333333335,EXCLUDE,LOW_CANDIDATE_CASES;LOW_ARTICLE_DIVERSITY;LOW_IMAGE_CASES
DOID:0080176,meningococcal meningitis,7,7,6,3,15,7,0.42857142857142855,1.0,3,0,0,0,0,0,True,,unknown,13,7,4,1.0,2.3333333333333335,EXCLUDE,LOW_CANDIDATE_CASES;LOW_ARTICLE_DIVERSITY;LOW_IMAGE_CASES
DOID:1639,skeletal tuberculosis,7,7,6,3,20,6,0.42857142857142855,1.0,2,2,0,0,0,0,True,,unknown,21,7,10,1.0,2.0,EXCLUDE,LOW_CANDIDATE_CASES;LOW_ARTICLE_DIVERSITY;LOW_IMAGE_CASES
DOID:2272,vulvovaginal candidiasis,6,6,4,3,10,4,0.5,1.0,2,2,1,0,0,0,True,,unknown,23,6,8,1.0,1.3333333333333333,EXCLUDE,LOW_CANDIDATE_CASES;LOW_ARTICLE_DIVERSITY;LOW_IMAGE_CASES
DOID:407,hepatic tuberculosis,6,6,5,3,15,4,0.5,1.0,3,1,1,0,0,0,True,,unknown,21,6,9,1.0,1.3333333333333333,EXCLUDE,LOW_CANDIDATE_CASES;LOW_ARTICLE_DIVERSITY;LOW_IMAGE_CASES
DOID:10699,paragonimiasis,5,5,5,3,17,6,0.6,1.0,3,3,0,0,0,0,True,,unknown,27,5,7,1.0,2.0,EXCLUDE,LOW_CANDIDATE_CASES;LOW_ARTICLE_DIVERSITY;LOW_IMAGE_CASES
DOID:11608,fungal meningitis,5,5,5,3,12,7,0.6,1.0,3,2,0,0,0,0,True,,unknown,8,5,3,1.0,2.3333333333333335,EXCLUDE,LOW_CANDIDATE_CASES;LOW_ARTICLE_DIVERSITY;LOW_IMAGE_CASES
DOID:13026,lobomycosis,5,5,5,3,23,5,0.6,1.0,0,3,0,0,0,0,True,,unknown,11,5,3,1.0,1.6666666666666667,EXCLUDE,LOW_CANDIDATE_CASES;LOW_ARTICLE_DIVERSITY;LOW_IMAGE_CASES
DOID:1638,central nervous system tuberculosis,5,5,4,3,14,8,0.6,1.0,3,1,0,0,0,0,True,,unknown,20,5,14,1.0,2.6666666666666665,EXCLUDE,LOW_CANDIDATE_CASES;LOW_ARTICLE_DIVERSITY;LOW_IMAGE_CASES
DOID:7894,mite infestation,4,4,4,3,9,5,0.75,1.0,1,2,0,0,0,0,True,,unknown,7,4,2,1.0,1.6666666666666667,EXCLUDE,LOW_CANDIDATE_CASES;LOW_ARTICLE_DIVERSITY;LOW_IMAGE_CASES
DOID:10458,legionellosis,17,15,9,2,17,3,0.11764705882352941,1.1333333333333333,1,1,0,0,0,0,True,,unknown,53,17,15,0.8823529411764706,1.5,EXCLUDE,LOW_CANDIDATE_CASES;LOW_ARTICLE_DIVERSITY;LOW_IMAGE_CASES
DOID:12683,vestibular neuronitis,13,13,10,2,26,3,0.15384615384615385,1.0,2,0,0,0,0,0,True,,unknown,24,13,6,1.0,1.5,EXCLUDE,LOW_CANDIDATE_CASES;LOW_ARTICLE_DIVERSITY;LOW_IMAGE_CASES
DOID:9060,pityriasis versicolor,13,13,9,2,21,2,0.15384615384615385,1.0,0,2,0,0,0,0,True,,unknown,27,13,7,1.0,1.0,EXCLUDE,LOW_CANDIDATE_CASES;LOW_ARTICLE_DIVERSITY;LOW_IMAGE_CASES
DOID:2047,hepatitis D,11,11,8,2,15,3,0.18181818181818182,1.0,0,2,0,0,0,0,True,,unknown,11,11,0,1.0,1.5,EXCLUDE,LOW_CANDIDATE_CASES;LOW_ARTICLE_DIVERSITY;LOW_IMAGE_CASES
DOID:12978,Plasmodium vivax malaria,11,10,5,2,9,2,0.18181818181818182,1.1,1,1,0,0,0,0,True,,unknown,36,11,8,0.9090909090909091,1.0,EXCLUDE,LOW_CANDIDATE_CASES;LOW_ARTICLE_DIVERSITY;LOW_IMAGE_CASES
DOID:13074,tinea unguium,8,8,7,2,24,2,0.25,1.0,2,0,0,0,0,0,True,,unknown,12,8,2,1.0,1.0,EXCLUDE,LOW_CANDIDATE_CASES;LOW_ARTICLE_DIVERSITY;LOW_IMAGE_CASES
DOID:9909,hordeolum,8,8,7,2,19,3,0.25,1.0,2,0,0,0,0,0,True,,unknown,11,8,1,1.0,1.5,EXCLUDE,LOW_CANDIDATE_CASES;LOW_ARTICLE_DIVERSITY;LOW_IMAGE_CASES
DOID:0040083,Chlamydia pneumonia,7,7,4,2,12,3,0.2857142857142857,1.0,0,1,0,0,0,1,True,,unknown,9,7,1,1.0,1.5,EXCLUDE,LOW_CANDIDATE_CASES;LOW_ARTICLE_DIVERSITY;LOW_IMAGE_CASES
DOID:11079,leech infestation,7,7,4,2,8,2,0.2857142857142857,1.0,0,2,0,0,0,0,True,,unknown,28,7,9,1.0,1.0,EXCLUDE,LOW_CANDIDATE_CASES;LOW_ARTICLE_DIVERSITY;LOW_IMAGE_CASES
DOID:11266,Hantavirus hemorrhagic fever with renal syndrome,7,7,6,2,16,3,0.2857142857142857,1.0,1,2,0,0,0,0,True,,unknown,14,7,2,1.0,1.5,EXCLUDE,LOW_CANDIDATE_CASES;LOW_ARTICLE_DIVERSITY;LOW_IMAGE_CASES
DOID:12148,alveolar echinococcosis,7,7,5,2,12,4,0.2857142857142857,1.0,2,1,0,0,0,0,True,,unknown,48,7,18,1.0,2.0,EXCLUDE,LOW_CANDIDATE_CASES;LOW_ARTICLE_DIVERSITY;LOW_IMAGE_CASES
DOID:13778,chancroid,7,7,5,2,15,3,0.2857142857142857,1.0,0,2,0,0,0,0,True,,unknown,7,7,0,1.0,1.5,EXCLUDE,LOW_CANDIDATE_CASES;LOW_ARTICLE_DIVERSITY;LOW_IMAGE_CASES
DOID:0050153,pulmonary aspergilloma,6,6,6,2,14,3,0.3333333333333333,1.0,2,1,0,0,0,0,True,,unknown,15,6,3,1.0,1.5,EXCLUDE,LOW_CANDIDATE_CASES;LOW_ARTICLE_DIVERSITY;LOW_IMAGE_CASES
DOID:1082,dirofilariasis,6,6,6,2,16,4,0.3333333333333333,1.0,1,1,1,0,0,0,True,,unknown,21,6,10,1.0,2.0,EXCLUDE,LOW_CANDIDATE_CASES;LOW_ARTICLE_DIVERSITY;LOW_IMAGE_CASES
DOID:11336,rhinoscleroma,5,5,5,2,22,6,0.4,1.0,2,0,1,0,0,0,True,,unknown,14,5,3,1.0,3.0,EXCLUDE,LOW_CANDIDATE_CASES;LOW_ARTICLE_DIVERSITY;LOW_IMAGE_CASES
DOID:0050133,superficial mycosis,4,4,4,2,16,7,0.5,1.0,2,1,0,0,0,0,True,,unknown,7,4,2,1.0,3.5,EXCLUDE,LOW_CANDIDATE_CASES;LOW_ARTICLE_DIVERSITY;LOW_IMAGE_CASES
DOID:11285,tick paralysis,4,4,2,2,5,2,0.5,1.0,1,1,0,0,0,0,True,,unknown,10,4,5,1.0,1.0,EXCLUDE,LOW_CANDIDATE_CASES;LOW_ARTICLE_DIVERSITY;LOW_IMAGE_CASES
DOID:0070528,cepacia syndrome,4,3,4,2,13,5,0.5,1.3333333333333333,2,0,0,0,0,0,True,,unknown,6,4,1,0.75,2.5,EXCLUDE,LOW_CANDIDATE_CASES;LOW_ARTICLE_DIVERSITY;LOW_IMAGE_CASES
DOID:13368,tinea profunda,3,3,3,2,6,2,0.6666666666666666,1.0,0,2,0,0,0,0,True,,unknown,7,3,2,1.0,1.0,EXCLUDE,LOW_CANDIDATE_CASES;LOW_ARTICLE_DIVERSITY;LOW_IMAGE_CASES
DOID:5435,variant Creutzfeldt-Jakob disease,3,3,3,2,6,3,0.6666666666666666,1.0,2,1,0,0,0,0,True,,unknown,5,3,2,1.0,1.5,EXCLUDE,LOW_CANDIDATE_CASES;LOW_ARTICLE_DIVERSITY;LOW_IMAGE_CASES
DOID:5154,borna disease,3,2,3,2,5,2,0.6666666666666666,1.5,1,2,0,0,0,0,True,,unknown,8,3,3,0.6666666666666666,1.0,EXCLUDE,LOW_CANDIDATE_CASES;LOW_ARTICLE_DIVERSITY;LOW_IMAGE_CASES
DOID:0050268,ophthalmomyiasis,2,2,2,2,2,2,1.0,1.0,0,2,0,0,0,0,True,,unknown,24,2,14,1.0,1.0,EXCLUDE,LOW_CANDIDATE_CASES;LOW_ARTICLE_DIVERSITY;LOW_IMAGE_CASES
DOID:13722,neuroschistosomiasis,2,2,2,2,6,5,1.0,1.0,2,1,0,0,0,0,True,,unknown,8,2,4,1.0,2.5,EXCLUDE,LOW_CANDIDATE_CASES;LOW_ARTICLE_DIVERSITY;LOW_IMAGE_CASES
DOID:13767,clonorchiasis,2,2,2,2,9,6,1.0,1.0,2,2,0,0,0,0,True,,unknown,4,2,0,1.0,3.0,EXCLUDE,LOW_CANDIDATE_CASES;LOW_ARTICLE_DIVERSITY;LOW_IMAGE_CASES
DOID:0080848,long COVID,20,20,7,1,13,2,0.05,1.0,1,1,0,0,0,0,True,,unknown,109,20,52,1.0,2.0,EXCLUDE,LOW_CANDIDATE_CASES;LOW_IMAGE_CASES
DOID:12206,dengue hemorrhagic fever,18,14,2,1,5,1,0.05555555555555555,1.2857142857142858,1,0,0,0,0,0,True,,unknown,39,18,15,0.7777777777777778,1.0,EXCLUDE,LOW_CANDIDATE_CASES;LOW_ARTICLE_DIVERSITY;LOW_IMAGE_CASES
DOID:3298,vaccinia,16,12,10,1,19,1,0.0625,1.3333333333333333,1,0,0,0,0,0,True,,unknown,69,16,8,0.75,1.0,EXCLUDE,LOW_CANDIDATE_CASES;LOW_ARTICLE_DIVERSITY;LOW_IMAGE_CASES
DOID:8672,viral exanthem,13,13,12,1,35,2,0.07692307692307693,1.0,0,1,0,0,0,0,True,,unknown,15,13,1,1.0,2.0,EXCLUDE,LOW_CANDIDATE_CASES;LOW_ARTICLE_DIVERSITY;LOW_IMAGE_CASES
DOID:10718,giardiasis,12,12,8,1,17,1,0.08333333333333333,1.0,0,0,1,0,0,0,True,,unknown,22,12,5,1.0,1.0,EXCLUDE,LOW_CANDIDATE_CASES;LOW_ARTICLE_DIVERSITY;LOW_IMAGE_CASES
DOID:11262,ornithosis,12,10,10,1,26,3,0.08333333333333333,1.2,0,1,0,0,0,0,True,,unknown,43,12,15,0.8333333333333334,3.0,EXCLUDE,LOW_CANDIDATE_CASES;LOW_ARTICLE_DIVERSITY;LOW_IMAGE_CASES
DOID:8596,scarlet fever,11,11,8,1,25,1,0.09090909090909091,1.0,1,0,0,0,0,0,True,,unknown,23,11,2,1.0,1.0,EXCLUDE,LOW_CANDIDATE_CASES;LOW_ARTICLE_DIVERSITY;LOW_IMAGE_CASES
DOID:10881,"hand, foot and mouth disease",11,9,9,1,21,1,0.09090909090909091,1.2222222222222223,0,1,0,0,0,0,True,,unknown,37,11,5,0.8181818181818182,1.0,EXCLUDE,LOW_CANDIDATE_CASES;LOW_ARTICLE_DIVERSITY;LOW_IMAGE_CASES
DOID:11227,acute hemorrhagic conjunctivitis,7,7,6,1,13,2,0.14285714285714285,1.0,0,1,0,0,0,0,True,,unknown,9,7,2,1.0,2.0,EXCLUDE,LOW_CANDIDATE_CASES;LOW_ARTICLE_DIVERSITY;LOW_IMAGE_CASES
DOID:13034,relapsing fever,7,7,6,1,13,1,0.14285714285714285,1.0,1,0,0,0,0,0,True,,unknown,13,7,3,1.0,1.0,EXCLUDE,LOW_CANDIDATE_CASES;LOW_ARTICLE_DIVERSITY;LOW_IMAGE_CASES
DOID:2113,coccidiosis,7,7,6,1,12,1,0.14285714285714285,1.0,0,1,0,0,0,0,True,,unknown,7,7,0,1.0,1.0,EXCLUDE,LOW_CANDIDATE_CASES;LOW_ARTICLE_DIVERSITY;LOW_IMAGE_CASES
DOID:1947,trichomoniasis,7,6,2,1,12,5,0.14285714285714285,1.1666666666666667,1,1,0,0,0,0,True,,unknown,9,7,1,0.8571428571428571,5.0,EXCLUDE,LOW_CANDIDATE_CASES;LOW_ARTICLE_DIVERSITY;LOW_IMAGE_CASES
DOID:1733,cryptosporidiosis,6,6,3,1,7,1,0.16666666666666666,1.0,1,0,0,0,0,0,True,,unknown,27,6,11,1.0,1.0,EXCLUDE,LOW_CANDIDATE_CASES;LOW_ARTICLE_DIVERSITY;LOW_IMAGE_CASES
DOID:321,HTLV-1-associated myelopathy/tropical spastic paraparesis,6,6,4,1,10,1,0.16666666666666666,1.0,0,1,0,0,0,0,True,,unknown,12,6,2,1.0,1.0,EXCLUDE,LOW_CANDIDATE_CASES;LOW_ARTICLE_DIVERSITY;LOW_IMAGE_CASES
DOID:0050136,systemic mycosis,5,5,5,1,15,1,0.2,1.0,1,1,0,0,0,0,True,,unknown,7,5,2,1.0,1.0,EXCLUDE,LOW_CANDIDATE_CASES;LOW_ARTICLE_DIVERSITY;LOW_IMAGE_CASES
DOID:10841,Eastern equine encephalitis,5,5,3,1,3,1,0.2,1.0,0,1,0,0,0,0,True,,unknown,7,5,1,1.0,1.0,EXCLUDE,LOW_CANDIDATE_CASES;LOW_ARTICLE_DIVERSITY;LOW_IMAGE_CASES
DOID:11917,tinea cruris,5,5,4,1,23,1,0.2,1.0,1,1,1,0,0,0,True,,unknown,9,5,2,1.0,1.0,EXCLUDE,LOW_CANDIDATE_CASES;LOW_ARTICLE_DIVERSITY;LOW_IMAGE_CASES
DOID:12211,filarial elephantiasis,5,5,3,1,8,1,0.2,1.0,0,1,0,0,0,0,True,True,tropical,12,5,4,1.0,1.0,EXCLUDE,LOW_CANDIDATE_CASES;LOW_ARTICLE_DIVERSITY;LOW_IMAGE_CASES
DOID:12385,shigellosis,5,5,2,1,7,1,0.2,1.0,0,1,0,0,0,0,True,,unknown,9,5,4,1.0,1.0,EXCLUDE,LOW_CANDIDATE_CASES;LOW_ARTICLE_DIVERSITY;LOW_IMAGE_CASES
DOID:2365,West Nile encephalitis,5,5,4,1,8,1,0.2,1.0,0,1,0,0,0,0,True,,unknown,6,5,1,1.0,1.0,EXCLUDE,LOW_CANDIDATE_CASES;LOW_ARTICLE_DIVERSITY;LOW_IMAGE_CASES
DOID:5362,focal epithelial hyperplasia,5,5,5,1,17,4,0.2,1.0,0,1,0,0,0,0,True,,unknown,5,5,0,1.0,4.0,EXCLUDE,LOW_CANDIDATE_CASES;LOW_ARTICLE_DIVERSITY;LOW_IMAGE_CASES
DOID:7426,cutaneous anthrax,5,5,1,1,3,1,0.2,1.0,0,1,0,0,0,0,True,,unknown,15,5,4,1.0,1.0,EXCLUDE,LOW_CANDIDATE_CASES;LOW_ARTICLE_DIVERSITY;LOW_IMAGE_CASES
DOID:883,parasitic helminthiasis infectious disease,5,5,4,1,8,1,0.2,1.0,0,1,0,0,0,0,True,,unknown,9,5,3,1.0,1.0,EXCLUDE,LOW_CANDIDATE_CASES;LOW_ARTICLE_DIVERSITY;LOW_IMAGE_CASES
DOID:10027,tabes dorsalis,4,4,3,1,5,2,0.25,1.0,1,0,0,0,0,0,True,,unknown,13,4,4,1.0,2.0,EXCLUDE,LOW_CANDIDATE_CASES;LOW_ARTICLE_DIVERSITY;LOW_IMAGE_CASES
DOID:10883,herpangina,4,4,2,1,3,2,0.25,1.0,1,0,0,0,0,1,True,,unknown,4,4,0,1.0,2.0,EXCLUDE,LOW_CANDIDATE_CASES;LOW_ARTICLE_DIVERSITY;LOW_IMAGE_CASES
DOID:9155,mucocutaneous leishmaniasis,4,4,3,1,4,1,0.25,1.0,0,1,0,0,0,0,True,,unknown,26,4,19,1.0,1.0,EXCLUDE,LOW_CANDIDATE_CASES;LOW_ARTICLE_DIVERSITY;LOW_IMAGE_CASES
DOID:0050279,conidiobolomycosis,3,3,3,1,10,4,0.3333333333333333,1.0,1,1,0,0,0,0,True,,unknown,4,3,1,1.0,4.0,EXCLUDE,LOW_CANDIDATE_CASES;LOW_ARTICLE_DIVERSITY;LOW_IMAGE_CASES
DOID:0050288,penicilliosis,3,3,2,1,5,2,0.3333333333333333,1.0,0,1,0,0,0,0,True,,unknown,5,3,2,1.0,2.0,EXCLUDE,LOW_CANDIDATE_CASES;LOW_ARTICLE_DIVERSITY;LOW_IMAGE_CASES
DOID:0050596,taeniasis,3,3,3,1,7,3,0.3333333333333333,1.0,1,0,0,0,0,0,True,True,tropical,3,3,0,1.0,3.0,EXCLUDE,LOW_CANDIDATE_CASES;LOW_ARTICLE_DIVERSITY;LOW_IMAGE_CASES
DOID:0060345,bacillary angiomatosis,3,3,3,1,9,1,0.3333333333333333,1.0,0,1,0,0,0,0,True,,unknown,7,3,1,1.0,1.0,EXCLUDE,LOW_CANDIDATE_CASES;LOW_ARTICLE_DIVERSITY;LOW_IMAGE_CASES
DOID:10461,dentin caries,3,3,3,1,11,3,0.3333333333333333,1.0,1,0,0,0,0,0,True,,unknown,3,3,0,1.0,3.0,EXCLUDE,LOW_CANDIDATE_CASES;LOW_ARTICLE_DIVERSITY;LOW_IMAGE_CASES
DOID:11678,onchocerciasis,3,3,2,1,3,2,0.3333333333333333,1.0,1,0,0,0,0,0,True,True,tropical,3,3,0,1.0,2.0,EXCLUDE,LOW_CANDIDATE_CASES;LOW_ARTICLE_DIVERSITY;LOW_IMAGE_CASES
DOID:12919,Plasmodium ovale malaria,3,3,1,1,4,1,0.3333333333333333,1.0,0,1,0,0,0,0,True,,unknown,7,3,2,1.0,1.0,EXCLUDE,LOW_CANDIDATE_CASES;LOW_ARTICLE_DIVERSITY;LOW_IMAGE_CASES
DOID:14095,boutonneuse fever,3,3,2,1,5,3,0.3333333333333333,1.0,1,1,0,0,0,0,True,,unknown,15,3,4,1.0,3.0,EXCLUDE,LOW_CANDIDATE_CASES;LOW_ARTICLE_DIVERSITY;LOW_IMAGE_CASES
DOID:2149,urogenital tuberculosis,3,3,3,1,6,1,0.3333333333333333,1.0,1,0,0,0,0,0,True,,unknown,19,3,13,1.0,1.0,EXCLUDE,LOW_CANDIDATE_CASES;LOW_ARTICLE_DIVERSITY;LOW_IMAGE_CASES
DOID:648,kuru,3,3,2,1,4,1,0.3333333333333333,1.0,1,0,0,0,0,0,True,,unknown,4,3,0,1.0,1.0,EXCLUDE,LOW_CANDIDATE_CASES;LOW_ARTICLE_DIVERSITY;LOW_IMAGE_CASES
DOID:0050246,granulomatous amebic encephalitis,2,2,2,1,3,1,0.5,1.0,0,1,0,0,0,0,True,,unknown,4,2,2,1.0,1.0,EXCLUDE,LOW_CANDIDATE_CASES;LOW_ARTICLE_DIVERSITY;LOW_IMAGE_CASES
DOID:0070702,measles inclusion body encephalitis,2,2,2,1,8,1,0.5,1.0,0,1,0,0,0,0,True,,unknown,2,2,0,1.0,1.0,EXCLUDE,LOW_CANDIDATE_CASES;LOW_ARTICLE_DIVERSITY;LOW_IMAGE_CASES
DOID:0080827,human cytomegalovirus infection,2,2,2,1,2,1,0.5,1.0,1,0,0,0,0,0,True,,unknown,3,2,1,1.0,1.0,EXCLUDE,LOW_CANDIDATE_CASES;LOW_ARTICLE_DIVERSITY;LOW_IMAGE_CASES
DOID:11165,common wart,2,2,2,1,6,2,0.5,1.0,0,1,0,0,0,0,True,,unknown,3,2,1,1.0,2.0,EXCLUDE,LOW_CANDIDATE_CASES;LOW_ARTICLE_DIVERSITY;LOW_IMAGE_CASES
DOID:2473,opportunistic mycosis,2,2,2,1,4,3,0.5,1.0,1,0,0,0,0,0,True,,unknown,2,2,0,1.0,3.0,EXCLUDE,LOW_CANDIDATE_CASES;LOW_ARTICLE_DIVERSITY;LOW_IMAGE_CASES
DOID:402,oral tuberculosis,2,2,2,1,4,1,0.5,1.0,0,1,0,0,0,0,True,,unknown,9,2,7,1.0,1.0,EXCLUDE,LOW_CANDIDATE_CASES;LOW_ARTICLE_DIVERSITY;LOW_IMAGE_CASES
DOID:9305,splenic tuberculosis,2,2,2,1,6,2,0.5,1.0,1,0,0,0,0,0,True,,unknown,9,2,5,1.0,2.0,EXCLUDE,LOW_CANDIDATE_CASES;LOW_ARTICLE_DIVERSITY;LOW_IMAGE_CASES
DOID:0050096,tinea barbae,1,1,1,1,3,2,1.0,1.0,0,1,0,0,0,0,True,,unknown,8,1,1,1.0,2.0,EXCLUDE,LOW_CANDIDATE_CASES;LOW_ARTICLE_DIVERSITY;LOW_IMAGE_CASES
DOID:0050597,intestinal schistosomiasis,1,1,1,1,3,2,1.0,1.0,1,0,1,0,0,0,True,,unknown,7,1,3,1.0,2.0,EXCLUDE,LOW_CANDIDATE_CASES;LOW_ARTICLE_DIVERSITY;LOW_IMAGE_CASES
DOID:10039,late congenital syphilis,1,1,1,1,4,3,1.0,1.0,1,1,0,0,0,0,True,,unknown,5,1,2,1.0,3.0,EXCLUDE,LOW_CANDIDATE_CASES;LOW_ARTICLE_DIVERSITY;LOW_IMAGE_CASES
DOID:11302,cercarial dermatitis,1,1,1,1,4,1,1.0,1.0,0,1,0,0,0,0,True,,unknown,1,1,0,1.0,1.0,EXCLUDE,LOW_CANDIDATE_CASES;LOW_ARTICLE_DIVERSITY;LOW_IMAGE_CASES
DOID:11990,ulceroglandular tularemia,1,1,1,1,3,1,1.0,1.0,1,0,0,0,0,0,True,,unknown,2,1,1,1.0,1.0,EXCLUDE,LOW_CANDIDATE_CASES;LOW_ARTICLE_DIVERSITY;LOW_IMAGE_CASES
DOID:1218,echinostomiasis,1,1,1,1,3,1,1.0,1.0,0,1,0,0,0,0,True,,unknown,2,1,1,1.0,1.0,EXCLUDE,LOW_CANDIDATE_CASES;LOW_ARTICLE_DIVERSITY;LOW_IMAGE_CASES
DOID:1252,trichuriasis,1,1,1,1,3,1,1.0,1.0,0,1,0,0,0,0,True,,unknown,4,1,2,1.0,1.0,EXCLUDE,LOW_CANDIDATE_CASES;LOW_ARTICLE_DIVERSITY;LOW_IMAGE_CASES
DOID:13921,bacterial esophagitis,1,1,1,1,3,2,1.0,1.0,0,1,1,0,0,0,True,,unknown,4,1,1,1.0,2.0,EXCLUDE,LOW_CANDIDATE_CASES;LOW_ARTICLE_DIVERSITY;LOW_IMAGE_CASES
DOID:14324,Plasmodium malariae malaria,1,1,1,1,1,1,1.0,1.0,0,1,0,0,0,0,True,,unknown,1,1,0,1.0,1.0,EXCLUDE,LOW_CANDIDATE_CASES;LOW_ARTICLE_DIVERSITY;LOW_IMAGE_CASES
DOID:3530,chronic wasting disease,1,1,1,1,2,1,1.0,1.0,1,0,0,0,0,0,True,,unknown,1,1,0,1.0,1.0,EXCLUDE,LOW_CANDIDATE_CASES;LOW_ARTICLE_DIVERSITY;LOW_IMAGE_CASES
DOID:7332,esophageal tuberculosis,1,1,1,1,3,2,1.0,1.0,1,1,1,0,0,0,True,,unknown,5,1,4,1.0,2.0,EXCLUDE,LOW_CANDIDATE_CASES;LOW_ARTICLE_DIVERSITY;LOW_IMAGE_CASES
DOID:8736,smallpox,11,11,6,0,17,0,0.0,1.0,0,0,0,0,0,0,True,,unknown,33,11,10,1.0,,EXCLUDE,LOW_CANDIDATE_CASES;LOW_ARTICLE_DIVERSITY;LOW_IMAGE_CASES
DOID:9537,Lassa fever,11,5,1,0,1,0,0.0,2.2,0,0,0,0,0,0,True,,unknown,55,11,16,0.45454545454545453,,EXCLUDE,LOW_CANDIDATE_CASES;LOW_ARTICLE_DIVERSITY;LOW_IMAGE_CASES
DOID:4492,avian influenza,9,9,5,0,9,0,0.0,1.0,0,0,0,0,0,0,True,,unknown,35,9,12,1.0,,EXCLUDE,LOW_CANDIDATE_CASES;LOW_ARTICLE_DIVERSITY;LOW_IMAGE_CASES
DOID:10113,trypanosomiasis,8,7,6,0,10,0,0.0,1.1428571428571428,0,0,0,0,0,0,True,,unknown,36,8,7,0.875,,EXCLUDE,LOW_CANDIDATE_CASES;LOW_ARTICLE_DIVERSITY;LOW_IMAGE_CASES
DOID:9210,Ramsay Hunt syndrome,7,7,4,0,11,0,0.0,1.0,0,0,0,0,0,0,True,,unknown,35,7,9,1.0,,EXCLUDE,LOW_CANDIDATE_CASES;LOW_ARTICLE_DIVERSITY;LOW_IMAGE_CASES
DOID:0050118,La Crosse encephalitis,6,6,3,0,3,0,0.0,1.0,0,0,0,0,0,0,True,,unknown,8,6,1,1.0,,EXCLUDE,LOW_CANDIDATE_CASES;LOW_ARTICLE_DIVERSITY;LOW_IMAGE_CASES
DOID:3055,paratyphoid fever,6,6,5,0,13,0,0.0,1.0,0,0,0,0,0,0,True,,unknown,25,6,2,1.0,,EXCLUDE,LOW_CANDIDATE_CASES;LOW_ARTICLE_DIVERSITY;LOW_IMAGE_CASES
DOID:1328,Rift Valley fever,6,4,2,0,3,0,0.0,1.5,0,0,0,0,0,0,True,,unknown,12,6,3,0.6666666666666666,,EXCLUDE,LOW_CANDIDATE_CASES;LOW_ARTICLE_DIVERSITY;LOW_IMAGE_CASES
DOID:0081012,critical COVID-19,5,5,2,0,6,0,0.0,1.0,0,0,0,0,0,0,True,,unknown,12,5,4,1.0,,EXCLUDE,LOW_CANDIDATE_CASES;LOW_ARTICLE_DIVERSITY;LOW_IMAGE_CASES
DOID:11265,trachoma,5,5,4,0,11,0,0.0,1.0,0,0,0,0,0,0,True,True,tropical,22,5,1,1.0,,EXCLUDE,LOW_CANDIDATE_CASES;LOW_ARTICLE_DIVERSITY;LOW_IMAGE_CASES
DOID:3482,plague,5,5,3,0,8,0,0.0,1.0,0,0,0,0,0,0,True,,unknown,12,5,7,1.0,,EXCLUDE,LOW_CANDIDATE_CASES;LOW_ARTICLE_DIVERSITY;LOW_IMAGE_CASES
DOID:9699,ophthalmia neonatorum,5,4,0,0,0,0,0.0,1.25,0,0,0,0,0,0,True,,unknown,18,5,6,0.8,,EXCLUDE,LOW_CANDIDATE_CASES;LOW_ARTICLE_DIVERSITY;LOW_IMAGE_CASES
DOID:0050025,human granulocytic anaplasmosis,4,4,0,0,0,0,0.0,1.0,0,0,0,0,0,0,True,,unknown,10,4,4,1.0,,EXCLUDE,LOW_CANDIDATE_CASES;LOW_ARTICLE_DIVERSITY;LOW_IMAGE_CASES
DOID:0050289,fusariosis,4,4,1,0,1,0,0.0,1.0,0,0,0,0,0,0,True,,unknown,21,4,8,1.0,,EXCLUDE,LOW_CANDIDATE_CASES;LOW_ARTICLE_DIVERSITY;LOW_IMAGE_CASES
DOID:10843,Western equine encephalitis,4,4,2,0,2,0,0.0,1.0,0,0,0,0,0,0,True,,unknown,4,4,0,1.0,,EXCLUDE,LOW_CANDIDATE_CASES;LOW_ARTICLE_DIVERSITY;LOW_IMAGE_CASES
DOID:10845,St. Louis encephalitis,4,4,0,0,0,0,0.0,1.0,0,0,0,0,0,0,True,,unknown,4,4,0,1.0,,EXCLUDE,LOW_CANDIDATE_CASES;LOW_ARTICLE_DIVERSITY;LOW_IMAGE_CASES
DOID:9123,eczema herpeticum,4,4,4,0,19,0,0.0,1.0,0,0,0,0,0,0,True,,unknown,10,4,3,1.0,,EXCLUDE,LOW_CANDIDATE_CASES;LOW_ARTICLE_DIVERSITY;LOW_IMAGE_CASES
DOID:0050242,primary amebic meningoencephalitis,4,3,3,0,4,0,0.0,1.3333333333333333,0,0,0,0,0,0,True,,unknown,10,4,3,0.75,,EXCLUDE,LOW_CANDIDATE_CASES;LOW_ARTICLE_DIVERSITY;LOW_IMAGE_CASES
DOID:12287,Crimean-Congo hemorrhagic fever,4,3,1,0,2,0,0.0,1.3333333333333333,0,0,0,0,0,0,True,,unknown,12,4,6,0.75,,EXCLUDE,LOW_CANDIDATE_CASES;LOW_ARTICLE_DIVERSITY;LOW_IMAGE_CASES
DOID:0070344,ocular tuberculosis,3,3,2,0,7,0,0.0,1.0,0,0,0,0,0,0,True,,unknown,10,3,7,1.0,,EXCLUDE,LOW_CANDIDATE_CASES;LOW_ARTICLE_DIVERSITY;LOW_IMAGE_CASES
DOID:0080180,Zika virus congenital syndrome,3,3,0,0,0,0,0.0,1.0,0,0,0,0,0,0,True,,unknown,11,3,3,1.0,,EXCLUDE,LOW_CANDIDATE_CASES;LOW_ARTICLE_DIVERSITY;LOW_IMAGE_CASES
DOID:10755,petrositis,3,3,3,0,7,0,0.0,1.0,0,0,0,0,0,0,True,,unknown,4,3,1,1.0,,EXCLUDE,LOW_CANDIDATE_CASES;LOW_ARTICLE_DIVERSITY;LOW_IMAGE_CASES
DOID:11572,Listeria meningitis,3,3,1,0,3,0,0.0,1.0,0,0,0,0,0,0,True,,unknown,4,3,1,1.0,,EXCLUDE,LOW_CANDIDATE_CASES;LOW_ARTICLE_DIVERSITY;LOW_IMAGE_CASES
DOID:13521,tetanus neonatorum,3,3,1,0,2,0,0.0,1.0,0,0,0,0,0,0,True,,unknown,5,3,1,1.0,,EXCLUDE,LOW_CANDIDATE_CASES;LOW_ARTICLE_DIVERSITY;LOW_IMAGE_CASES
DOID:4109,tick infestation,3,3,1,0,5,0,0.0,1.0,0,0,0,0,0,0,True,,unknown,4,3,0,1.0,,EXCLUDE,LOW_CANDIDATE_CASES;LOW_ARTICLE_DIVERSITY;LOW_IMAGE_CASES
DOID:8607,herpetic whitlow,3,3,2,0,3,0,0.0,1.0,0,0,0,0,0,0,True,,unknown,7,3,2,1.0,,EXCLUDE,LOW_CANDIDATE_CASES;LOW_ARTICLE_DIVERSITY;LOW_IMAGE_CASES
DOID:8743,erythema infectiosum,3,3,3,0,3,0,0.0,1.0,0,0,0,0,0,0,True,,unknown,9,3,5,1.0,,EXCLUDE,LOW_CANDIDATE_CASES;LOW_ARTICLE_DIVERSITY;LOW_IMAGE_CASES
DOID:9784,trichinosis,3,3,1,0,2,0,0.0,1.0,0,0,0,0,0,0,True,,unknown,5,3,1,1.0,,EXCLUDE,LOW_CANDIDATE_CASES;LOW_ARTICLE_DIVERSITY;LOW_IMAGE_CASES
DOID:0050353,wound botulism,3,2,1,0,1,0,0.0,1.5,0,0,0,0,0,0,True,,unknown,12,3,3,0.6666666666666666,,EXCLUDE,LOW_CANDIDATE_CASES;LOW_ARTICLE_DIVERSITY;LOW_IMAGE_CASES
DOID:10112,sleeping sickness,3,2,3,0,4,0,0.0,1.5,0,0,0,0,0,0,True,,unknown,11,3,4,0.6666666666666666,,EXCLUDE,LOW_CANDIDATE_CASES;LOW_ARTICLE_DIVERSITY;LOW_IMAGE_CASES
DOID:0050125,dengue shock syndrome,2,2,2,0,9,0,0.0,1.0,0,0,0,0,0,0,True,,unknown,2,2,0,1.0,,EXCLUDE,LOW_CANDIDATE_CASES;LOW_ARTICLE_DIVERSITY;LOW_IMAGE_CASES
DOID:0050134,cutaneous mycosis,2,2,1,0,1,0,0.0,1.0,0,0,0,0,0,0,True,,unknown,4,2,1,1.0,,EXCLUDE,LOW_CANDIDATE_CASES;LOW_ARTICLE_DIVERSITY;LOW_IMAGE_CASES
DOID:0050135,subcutaneous mycosis,2,2,2,0,6,0,0.0,1.0,0,0,0,0,0,0,True,,unknown,4,2,2,1.0,,EXCLUDE,LOW_CANDIDATE_CASES;LOW_ARTICLE_DIVERSITY;LOW_IMAGE_CASES
DOID:0050256,angiostrongyliasis,2,2,1,0,2,0,0.0,1.0,0,0,0,0,0,0,True,,unknown,10,2,5,1.0,,EXCLUDE,LOW_CANDIDATE_CASES;LOW_ARTICLE_DIVERSITY;LOW_IMAGE_CASES
DOID:0050290,trichosporonosis,2,2,2,0,7,0,0.0,1.0,0,0,0,0,0,0,True,,unknown,16,2,4,1.0,,EXCLUDE,LOW_CANDIDATE_CASES;LOW_ARTICLE_DIVERSITY;LOW_IMAGE_CASES
DOID:0050433,fatal familial insomnia,2,2,0,0,0,0,0.0,1.0,0,0,0,0,0,0,True,,unknown,3,2,0,1.0,,EXCLUDE,LOW_CANDIDATE_CASES;LOW_ARTICLE_DIVERSITY;LOW_IMAGE_CASES
DOID:0050515,paralytic poliomyelitis,2,2,0,0,0,0,0.0,1.0,0,0,0,0,0,0,True,,unknown,5,2,1,1.0,,EXCLUDE,LOW_CANDIDATE_CASES;LOW_ARTICLE_DIVERSITY;LOW_IMAGE_CASES
DOID:10035,asymptomatic neurosyphilis,2,2,1,0,1,0,0.0,1.0,0,0,0,0,0,0,True,,unknown,2,2,0,1.0,,EXCLUDE,LOW_CANDIDATE_CASES;LOW_ARTICLE_DIVERSITY;LOW_IMAGE_CASES
DOID:1023,borderline leprosy,2,2,2,0,5,0,0.0,1.0,0,0,0,0,0,0,True,,unknown,4,2,1,1.0,,EXCLUDE,LOW_CANDIDATE_CASES;LOW_ARTICLE_DIVERSITY;LOW_IMAGE_CASES
DOID:11103,rickettsialpox,2,2,1,0,3,0,0.0,1.0,0,0,0,0,0,0,True,,unknown,4,2,1,1.0,,EXCLUDE,LOW_CANDIDATE_CASES;LOW_ARTICLE_DIVERSITY;LOW_IMAGE_CASES
DOID:11574,streptococcal meningitis,2,2,2,0,6,0,0.0,1.0,0,0,0,0,0,0,True,,unknown,4,2,2,1.0,,EXCLUDE,LOW_CANDIDATE_CASES;LOW_ARTICLE_DIVERSITY;LOW_IMAGE_CASES
DOID:1260,parametritis,2,2,2,0,6,0,0.0,1.0,0,0,0,0,0,0,True,,unknown,3,2,1,1.0,,EXCLUDE,LOW_CANDIDATE_CASES;LOW_ARTICLE_DIVERSITY;LOW_IMAGE_CASES
DOID:13147,fungal esophagitis,2,2,2,0,2,0,0.0,1.0,0,0,0,0,0,0,True,,unknown,2,2,0,1.0,,EXCLUDE,LOW_CANDIDATE_CASES;LOW_ARTICLE_DIVERSITY;LOW_IMAGE_CASES
DOID:2112,cystoisosporiasis,2,2,0,0,0,0,0.0,1.0,0,0,0,0,0,0,True,,unknown,10,2,2,1.0,,EXCLUDE,LOW_CANDIDATE_CASES;LOW_ARTICLE_DIVERSITY;LOW_IMAGE_CASES
DOID:2929,Newcastle disease,2,2,2,0,7,0,0.0,1.0,0,0,0,0,0,0,True,,unknown,8,2,5,1.0,,EXCLUDE,LOW_CANDIDATE_CASES;LOW_ARTICLE_DIVERSITY;LOW_IMAGE_CASES
DOID:4327,Marburg hemorrhagic fever,2,2,0,0,0,0,0.0,1.0,0,0,0,0,0,0,True,,unknown,2,2,0,1.0,,EXCLUDE,LOW_CANDIDATE_CASES;LOW_ARTICLE_DIVERSITY;LOW_IMAGE_CASES
DOID:5501,Pediculus humanus capitis infestation,2,2,2,0,4,0,0.0,1.0,0,0,0,0,0,0,True,,unknown,3,2,1,1.0,,EXCLUDE,LOW_CANDIDATE_CASES;LOW_ARTICLE_DIVERSITY;LOW_IMAGE_CASES
DOID:7457,enterobiasis,2,2,1,0,1,0,0.0,1.0,0,0,0,0,0,0,True,,unknown,2,2,0,1.0,,EXCLUDE,LOW_CANDIDATE_CASES;LOW_ARTICLE_DIVERSITY;LOW_IMAGE_CASES
DOID:8912,tinea nigra,2,2,2,0,3,0,0.0,1.0,0,0,0,0,0,0,True,,unknown,6,2,2,1.0,,EXCLUDE,LOW_CANDIDATE_CASES;LOW_ARTICLE_DIVERSITY;LOW_IMAGE_CASES
DOID:0050043,Israeli tick typhus,1,1,0,0,0,0,0.0,1.0,0,0,0,0,0,0,True,,unknown,1,1,0,1.0,,EXCLUDE,LOW_CANDIDATE_CASES;LOW_ARTICLE_DIVERSITY;LOW_IMAGE_CASES
DOID:0050150,Pontiac fever,1,1,0,0,0,0,0.0,1.0,0,0,0,0,0,0,True,,unknown,1,1,0,1.0,,EXCLUDE,LOW_CANDIDATE_CASES;LOW_ARTICLE_DIVERSITY;LOW_IMAGE_CASES
DOID:0050179,Powassan encephalitis,1,1,1,0,2,0,0.0,1.0,0,0,0,0,0,0,True,,unknown,2,1,1,1.0,,EXCLUDE,LOW_CANDIDATE_CASES;LOW_ARTICLE_DIVERSITY;LOW_IMAGE_CASES
DOID:0050201,nephropathia epidemica,1,1,0,0,0,0,0.0,1.0,0,0,0,0,0,0,True,,unknown,1,1,0,1.0,,EXCLUDE,LOW_CANDIDATE_CASES;LOW_ARTICLE_DIVERSITY;LOW_IMAGE_CASES
DOID:0050211,swine influenza,1,1,0,0,0,0,0.0,1.0,0,0,0,0,0,0,True,,unknown,2,1,1,1.0,,EXCLUDE,LOW_CANDIDATE_CASES;LOW_ARTICLE_DIVERSITY;LOW_IMAGE_CASES
DOID:0050266,tungiasis,1,1,1,0,4,0,0.0,1.0,0,0,0,0,0,0,True,,unknown,1,1,0,1.0,,EXCLUDE,LOW_CANDIDATE_CASES;LOW_ARTICLE_DIVERSITY;LOW_IMAGE_CASES
DOID:0050354,infant botulism,1,1,1,0,2,0,0.0,1.0,0,0,0,0,0,0,True,,unknown,8,1,1,1.0,,EXCLUDE,LOW_CANDIDATE_CASES;LOW_ARTICLE_DIVERSITY;LOW_IMAGE_CASES
DOID:0050383,typhoidal tularemia,1,1,0,0,0,0,0.0,1.0,0,0,0,0,0,0,True,,unknown,1,1,0,1.0,,EXCLUDE,LOW_CANDIDATE_CASES;LOW_ARTICLE_DIVERSITY;LOW_IMAGE_CASES
DOID:0050456,Buruli ulcer disease,1,1,1,0,4,0,0.0,1.0,0,0,0,0,0,0,True,,unknown,1,1,0,1.0,,EXCLUDE,LOW_CANDIDATE_CASES;LOW_ARTICLE_DIVERSITY;LOW_IMAGE_CASES
DOID:0050488,early congenital syphilis,1,1,1,0,3,0,0.0,1.0,0,0,0,0,0,0,True,,unknown,1,1,0,1.0,,EXCLUDE,LOW_CANDIDATE_CASES;LOW_ARTICLE_DIVERSITY;LOW_IMAGE_CASES
DOID:0050518,Ross River fever,1,1,0,0,0,0,0.0,1.0,0,0,0,0,0,0,True,,unknown,3,1,2,1.0,,EXCLUDE,LOW_CANDIDATE_CASES;LOW_ARTICLE_DIVERSITY;LOW_IMAGE_CASES
DOID:0081463,recurrent respiratory papillomatosis,1,1,1,0,5,0,0.0,1.0,0,0,0,0,0,0,True,,unknown,17,1,12,1.0,,EXCLUDE,LOW_CANDIDATE_CASES;LOW_ARTICLE_DIVERSITY;LOW_IMAGE_CASES
DOID:0090103,Huntington's disease-like 1,1,1,0,0,0,0,0.0,1.0,0,0,0,0,0,0,True,,unknown,1,1,0,1.0,,EXCLUDE,LOW_CANDIDATE_CASES;LOW_ARTICLE_DIVERSITY;LOW_IMAGE_CASES
DOID:10074,hymenolepiasis,1,1,1,0,1,0,0.0,1.0,0,0,0,0,0,0,True,,unknown,5,1,2,1.0,,EXCLUDE,LOW_CANDIDATE_CASES;LOW_ARTICLE_DIVERSITY;LOW_IMAGE_CASES
DOID:10250,louping ill,1,1,0,0,0,0,0.0,1.0,0,0,0,0,0,0,True,,unknown,2,1,0,1.0,,EXCLUDE,LOW_CANDIDATE_CASES;LOW_ARTICLE_DIVERSITY;LOW_IMAGE_CASES
DOID:10371,yaws,1,1,0,0,0,0,0.0,1.0,0,0,0,0,0,0,True,True,tropical,4,1,0,1.0,,EXCLUDE,LOW_CANDIDATE_CASES;LOW_ARTICLE_DIVERSITY;LOW_IMAGE_CASES
DOID:10773,bubonic plague,1,1,0,0,0,0,0.0,1.0,0,0,0,0,0,0,True,,unknown,1,1,0,1.0,,EXCLUDE,LOW_CANDIDATE_CASES;LOW_ARTICLE_DIVERSITY;LOW_IMAGE_CASES
DOID:11315,African histoplasmosis,1,1,1,0,3,0,0.0,1.0,0,0,0,0,0,0,True,,unknown,2,1,1,1.0,,EXCLUDE,LOW_CANDIDATE_CASES;LOW_ARTICLE_DIVERSITY;LOW_IMAGE_CASES
DOID:11360,phlebotomus fever,1,1,1,0,1,0,0.0,1.0,0,0,0,0,0,0,True,,unknown,7,1,2,1.0,,EXCLUDE,LOW_CANDIDATE_CASES;LOW_ARTICLE_DIVERSITY;LOW_IMAGE_CASES
DOID:11379,gnathomiasis,1,1,0,0,0,0,0.0,1.0,0,0,0,0,0,0,True,,unknown,6,1,3,1.0,,EXCLUDE,LOW_CANDIDATE_CASES;LOW_ARTICLE_DIVERSITY;LOW_IMAGE_CASES
DOID:1251,tuberculous epididymitis,1,1,0,0,0,0,0.0,1.0,0,0,0,0,0,0,True,,unknown,1,1,0,1.0,,EXCLUDE,LOW_CANDIDATE_CASES;LOW_ARTICLE_DIVERSITY;LOW_IMAGE_CASES
DOID:13036,tick-borne relapsing fever,1,1,1,0,2,0,0.0,1.0,0,0,0,0,0,0,True,,unknown,2,1,1,1.0,,EXCLUDE,LOW_CANDIDATE_CASES;LOW_ARTICLE_DIVERSITY;LOW_IMAGE_CASES
DOID:13226,oculoglandular tularemia,1,1,0,0,0,0,0.0,1.0,0,0,0,0,0,0,True,,unknown,5,1,2,1.0,,EXCLUDE,LOW_CANDIDATE_CASES;LOW_ARTICLE_DIVERSITY;LOW_IMAGE_CASES
DOID:13431,bejel,1,1,0,0,0,0,0.0,1.0,0,0,0,0,0,0,True,,unknown,9,1,0,1.0,,EXCLUDE,LOW_CANDIDATE_CASES;LOW_ARTICLE_DIVERSITY;LOW_IMAGE_CASES
DOID:13444,glanders,1,1,1,0,2,0,0.0,1.0,0,0,0,0,0,0,True,,unknown,11,1,4,1.0,,EXCLUDE,LOW_CANDIDATE_CASES;LOW_ARTICLE_DIVERSITY;LOW_IMAGE_CASES
DOID:13523,loiasis,1,1,0,0,0,0,0.0,1.0,0,0,0,0,0,0,True,,unknown,5,1,3,1.0,,EXCLUDE,LOW_CANDIDATE_CASES;LOW_ARTICLE_DIVERSITY;LOW_IMAGE_CASES
DOID:13775,plantar wart,1,1,0,0,0,0,0.0,1.0,0,0,0,0,0,0,True,,unknown,1,1,0,1.0,,EXCLUDE,LOW_CANDIDATE_CASES;LOW_ARTICLE_DIVERSITY;LOW_IMAGE_CASES
DOID:14068,blackwater fever,1,1,0,0,0,0,0.0,1.0,0,0,0,0,0,0,True,,unknown,6,1,5,1.0,,EXCLUDE,LOW_CANDIDATE_CASES;LOW_ARTICLE_DIVERSITY;LOW_IMAGE_CASES
DOID:14325,mixed malaria,1,1,1,0,1,0,0.0,1.0,0,0,0,0,0,0,True,,unknown,3,1,1,1.0,,EXCLUDE,LOW_CANDIDATE_CASES;LOW_ARTICLE_DIVERSITY;LOW_IMAGE_CASES
DOID:14472,hantavirus pulmonary syndrome,1,1,0,0,0,0,0.0,1.0,0,0,0,0,0,0,True,,unknown,27,1,10,1.0,,EXCLUDE,LOW_CANDIDATE_CASES;LOW_ARTICLE_DIVERSITY;LOW_IMAGE_CASES
DOID:1563,dermatomycosis,1,1,1,0,1,0,0.0,1.0,0,0,0,0,0,0,True,,unknown,1,1,0,1.0,,EXCLUDE,LOW_CANDIDATE_CASES;LOW_ARTICLE_DIVERSITY;LOW_IMAGE_CASES
DOID:2327,viral gastritis,1,1,1,0,1,0,0.0,1.0,0,0,0,0,0,0,True,,unknown,1,1,0,1.0,,EXCLUDE,LOW_CANDIDATE_CASES;LOW_ARTICLE_DIVERSITY;LOW_IMAGE_CASES
DOID:3436,viral laryngitis,1,1,1,0,1,0,0.0,1.0,0,0,0,0,0,0,True,,unknown,1,1,0,1.0,,EXCLUDE,LOW_CANDIDATE_CASES;LOW_ARTICLE_DIVERSITY;LOW_IMAGE_CASES
DOID:3733,theileriasis,1,1,0,0,0,0,0.0,1.0,0,0,0,0,0,0,True,,unknown,7,1,0,1.0,,EXCLUDE,LOW_CANDIDATE_CASES;LOW_ARTICLE_DIVERSITY;LOW_IMAGE_CASES
DOID:3985,ostertagiasis,1,1,1,0,2,0,0.0,1.0,0,0,0,0,0,0,True,,unknown,3,1,1,1.0,,EXCLUDE,LOW_CANDIDATE_CASES;LOW_ARTICLE_DIVERSITY;LOW_IMAGE_CASES
DOID:4249,Gerstmann-Straussler-Scheinker syndrome,1,1,0,0,0,0,0.0,1.0,0,0,0,0,0,0,True,,unknown,1,1,0,1.0,,EXCLUDE,LOW_CANDIDATE_CASES;LOW_ARTICLE_DIVERSITY;LOW_IMAGE_CASES
DOID:4271,microsporidiosis,1,1,1,0,1,0,0.0,1.0,0,0,0,0,0,0,True,,unknown,19,1,7,1.0,,EXCLUDE,LOW_CANDIDATE_CASES;LOW_ARTICLE_DIVERSITY;LOW_IMAGE_CASES
DOID:4952,postpoliomyelitis syndrome,1,1,1,0,6,0,0.0,1.0,0,0,0,0,0,0,True,,unknown,3,1,1,1.0,,EXCLUDE,LOW_CANDIDATE_CASES;LOW_ARTICLE_DIVERSITY;LOW_IMAGE_CASES
DOID:5434,scrapie,1,1,0,0,0,0,0.0,1.0,0,0,0,0,0,0,True,,unknown,175,1,1,1.0,,EXCLUDE,LOW_CANDIDATE_CASES;LOW_ARTICLE_DIVERSITY;LOW_IMAGE_CASES
DOID:827,ureter tuberculosis,1,1,1,0,2,0,0.0,1.0,0,0,0,0,0,0,True,,unknown,1,1,0,1.0,,EXCLUDE,LOW_CANDIDATE_CASES;LOW_ARTICLE_DIVERSITY;LOW_IMAGE_CASES
DOID:8481,rheumatic myocarditis,1,1,1,0,1,0,0.0,1.0,0,0,0,0,0,0,True,,unknown,4,1,1,1.0,,EXCLUDE,LOW_CANDIDATE_CASES;LOW_ARTICLE_DIVERSITY;LOW_IMAGE_CASES
DOID:8729,milker's nodule,1,1,1,0,4,0,0.0,1.0,0,0,0,0,0,0,True,,unknown,3,1,1,1.0,,EXCLUDE,LOW_CANDIDATE_CASES;LOW_ARTICLE_DIVERSITY;LOW_IMAGE_CASES
DOID:8956,cowpox,1,1,0,0,0,0,0.0,1.0,0,0,0,0,0,0,True,,unknown,1,1,0,1.0,,EXCLUDE,LOW_CANDIDATE_CASES;LOW_ARTICLE_DIVERSITY;LOW_IMAGE_CASES
DOID:9640,sarcocystosis,1,1,1,0,3,0,0.0,1.0,0,0,0,0,0,0,True,,unknown,2,1,0,1.0,,EXCLUDE,LOW_CANDIDATE_CASES;LOW_ARTICLE_DIVERSITY;LOW_IMAGE_CASES
